-- Created by Vertabelo (http://vertabelo.com)
-- Last modification date: 2020-09-29 18:28:33.029



CREATE DATABASE FABRICA_AUTOMOTRIZ
GO

USE FABRICA_AUTOMOTRIZ
GO
-- tables
-- Table: AUTOPLANES

CREATE TABLE AUTOPLANES ( -- NO SE TOCO ESTA TABLA
    id_autoplan int NOT NULL identity(1,1),
    observaciones varchar(200) NOT NULL,
    cant_cuota int NOT NULL,
    interes int NOT NULL,
    id_pedido int NOT NULL,
    CONSTRAINT AUTOPLANES_pk PRIMARY KEY (id_autoplan)
);

-- Table: BARRIOS
CREATE TABLE BARRIOS ( -- TABLA OK
    id_barrio int NOT NULL identity(1,1),
    barrio varchar(40) NOT NULL,
    id_localidad int ,
    CONSTRAINT BARRIOS_pk PRIMARY KEY (id_barrio)
);


-- Table: CLIENTES
CREATE TABLE CLIENTES ( -- TABLA OK
    id_cliente int NOT NULL identity(1,1),
    nombre varchar(30) NOT NULL,
    apellido varchar(30) ,
    doc bigint NOT NULL, --SE MODIFICO DE INT A BIGINT PORQUE NO PERMITIA AGREGAR CUIT NI CUIL
    id_tipo_identificacion int NOT NULL,
    id_tipo_cliente int NOT NULL,
    email varchar(30) ,
    telefono bigint ,
    calle varchar(30) ,
    altura int ,
    id_barrio int ,
    CONSTRAINT CLIENTES_pk PRIMARY KEY (id_cliente)
	
);


-- Table: COLORES
CREATE TABLE COLORES ( -- OK
    id_color int NOT NULL,
    descripcion VARCHAR (30) NOT NULL, --ESTABA MAL ANTES
    CONSTRAINT COLORES_pk PRIMARY KEY (id_color)
);

-- Table: CUOTAS_AUOTPLAN
CREATE TABLE CUOTAS_AUOTPLAN (
    id_cuota int NOT NULL identity(1,1),
    fecha date NOT NULL,
    fecha_vencimiento date NOT NULL,
    nro_cuota int NOT NULL,
    id_autoplan int NOT NULL,
    id_factura int ,
    CONSTRAINT CUOTAS_AUOTPLAN_pk PRIMARY KEY (id_cuota)
);

-- Table: DETALLES_FACTURAS
CREATE TABLE DETALLES_FACTURAS (
    id_detalle int NOT NULL identity(1,1),
    id_factura int NOT NULL,
    precio decimal(19,4) NOT NULL,
    cantidad int NOT NULL,
    id_producto int NOT NULL,
    descuento_producto int ,
    CONSTRAINT DETALLES_FACTURAS_pk PRIMARY KEY (id_detalle)
);

-- Table: DETALLE_PEDIDO
CREATE TABLE DETALLE_PEDIDO (
    id_det_pedido int NOT NULL identity(1,1),
    id_pedido int NOT NULL,
    id_producto int NOT NULL,
    cantidad int NOT NULL,
    CONSTRAINT DETALLE_PEDIDO_pk PRIMARY KEY (id_det_pedido)
);


-- Table: FACTURAS
CREATE TABLE FACTURAS (
    id_factura int NOT NULL identity(1,1),
    fecha date NOT NULL,
    id_cliente int NOT NULL,
    descuento_total int ,
    id_vendedor int ,
    id_tipo_factura int NOT NULL,
    observacion varchar(150),
    id_pedido int,
    CONSTRAINT FACTURAS_pk PRIMARY KEY (id_factura)
);

-- Table: FORMAS_PAGOS
CREATE TABLE FORMAS_PAGOS ( --ok 
    id_forma_pago int NOT NULL identity(1,1),
    descripcion varchar(50) NOT NULL,
    CONSTRAINT FORMAS_PAGOS_pk PRIMARY KEY (id_forma_pago)
);

-- Table: FORMAS_PAGOSxFACTURAS
CREATE TABLE FORMAS_PAGOSxFACTURAS (
    id_forma_pago_factura int NOT NULL identity(1,1),
    id_factura int NOT NULL,
    id_forma_pago int NOT NULL,
    CONSTRAINT FORMAS_PAGOSxFACTURAS_pk PRIMARY KEY (id_forma_pago_factura)
);

-- Table: HISTORIALES_PRECIOS
CREATE TABLE HISTORIALES_PRECIOS (
    id_historial int NOT NULL identity(1,1),
    fecha_modificacion date NOT NULL,
    precio_venta decimal(19,4) NOT NULL,
    precio_mayo decimal(19,4) NOT NULL,
    id_producto int NOT NULL,
    CONSTRAINT HISTORIALES_PRECIOS_pk PRIMARY KEY (id_historial)
);

-- Table: LOCALIDADES
CREATE TABLE LOCALIDADES ( --se agrego el identity
    id_localidad int NOT NULL identity (1,1),
    localidad varchar(40) NOT NULL,
    id_provincia int,
    CONSTRAINT LOCALIDADES_pk PRIMARY KEY (id_localidad)
);



-- Table: MATERIALES
CREATE TABLE MATERIALES (
   id_material int NOT NULL identity(1,1),
   descripcion varchar(50) NOT NULL,
   CONSTRAINT MATERIALES_pk PRIMARY KEY (id_material)
);

-- Table: ORDEN_PEDIDO
CREATE TABLE ORDEN_PEDIDO (
    id_pedido int NOT NULL identity(1,1),
    fecha_pedido date NOT NULL,
    fecha_entrega date,
    id_cliente int ,
    estado bit NOT NULL DEFAULT 0,
    observacion int ,
    CONSTRAINT ORDEN_PEDIDO_pk PRIMARY KEY (id_pedido)
);


-- Table: PRODUCTOS 
CREATE TABLE PRODUCTOS (
    id_producto int NOT NULL identity(1,1),
    descripcion varchar(100),
    id_tipo_producto int NOT NULL,
    id_rubro int NOT NULL, -- USAREMOS ID_RUBRO COMO MARCA
    --id_marca int NOT NULL,  --- SE COMENTO PORQUE NO DEBIERA DE EXISTIR ESTA COLUMNA
	id_material int NULL,
    Observaciones varchar(50),
    id_color int ,
    stock int NULL, -- SE CAMBIO DE NOT NULL A NULL PARA PODER INGRESAR AUTOMOVILES SIN STOCK
    stock_minimo int NULL,
    precio_venta decimal(19,4) NOT NULL,
    precio_mayo decimal(19,4) NOT NULL,
    CONSTRAINT PRODUCTOS_pk PRIMARY KEY (id_producto)
);



-- Table: PROVINCIAS
CREATE TABLE PROVINCIAS (
    id_provincia int NOT NULL identity(1,1),
    provincia varchar(20) NOT NULL,
    CONSTRAINT PROVINCIAS_pk PRIMARY KEY (id_provincia)
);

-- Table: RUBROS
CREATE TABLE RUBROS (
    id_rubro int NOT NULL identity(1,1),
    descripcion varchar(50) NOT NULL,
    CONSTRAINT RUBROS_pk PRIMARY KEY (id_rubro)
);

-- Table: TIPOS_CLIENTES
CREATE TABLE TIPOS_CLIENTES (
    id_tipo_cliente int NOT NULL,
    descripcion varchar(30) NOT NULL,
    CONSTRAINT TIPOS_CLIENTES_pk PRIMARY KEY (id_tipo_cliente)
);


-- Table: TIPOS_FACTURAS
CREATE TABLE TIPOS_FACTURAS (
    id_tipo_factura int NOT NULL identity(1,1),
    descripcion varchar(50) NOT NULL,
    CONSTRAINT TIPOS_FACTURAS_pk PRIMARY KEY (id_tipo_factura)
);

-- Table: TIPOS_PRODUCTOS
CREATE TABLE TIPOS_PRODUCTOS (
    id_tipo_producto int NOT NULL identity(1,1),
    descripcion varchar(20) NOT NULL,
    CONSTRAINT TIPOS_PRODUCTOS_pk PRIMARY KEY (id_tipo_producto)
);

-- Table: TIPO_IDENTIFICACION
CREATE TABLE TIPO_IDENTIFICACION (
    id_tipo_identificacion int NOT NULL,
    Identificacion Varchar(20) NOT NULL,
    CONSTRAINT TIPO_IDENTIFICACION_pk PRIMARY KEY (id_tipo_identificacion)
);

-- Table: VENDEDORES
CREATE TABLE VENDEDORES (
    id_vendedor int NOT NULL identity(1,1),
    nombre varchar(30) NOT NULL,
    apellido varchar(30) NOT NULL,
    id_barrio int ,
    calle VARCHAR (40) , --SE CAMBIO DE INT A VARCHAR
    altura int ,
    id_tipo_identificacion int NOT NULL,
    doc int NOT NULL,
    telefono bigint,
    CONSTRAINT VENDEDORES_pk PRIMARY KEY (id_vendedor)
);


GO
-- foreign keys
-- Reference: AUTOPLANES_ORDEN_PEDIDO (table: AUTOPLANES)
ALTER TABLE AUTOPLANES ADD CONSTRAINT FK_AUTOPLANES_ORDEN_PEDIDO FOREIGN KEY (id_pedido)
    REFERENCES ORDEN_PEDIDO (id_pedido);

-- Reference: BARRIOS_LOCALIDADES (table: BARRIOS)
ALTER TABLE BARRIOS ADD CONSTRAINT FK_BARRIOS_LOCALIDADES FOREIGN KEY  (id_localidad)
    REFERENCES LOCALIDADES (id_localidad);

-- Reference: CLIENTES_BARRIOS (table: CLIENTES)
ALTER TABLE CLIENTES ADD CONSTRAINT FK_CLIENTES_BARRIOS FOREIGN KEY (id_barrio)
    REFERENCES BARRIOS (id_barrio);

-- Reference: CLIENTES_TIPOS_CLIENTES (table: CLIENTES)
ALTER TABLE CLIENTES ADD CONSTRAINT FK_CLIENTES_TIPOS_CLIENTES FOREIGN KEY (id_tipo_cliente)
    REFERENCES TIPOS_CLIENTES (id_tipo_cliente);

-- Reference: CLIENTES_TIPO_IDENTIFICACION (table: CLIENTES)
ALTER TABLE CLIENTES ADD CONSTRAINT FK_CLIENTES_TIPO_IDENTIFICACION FOREIGN KEY (id_tipo_identificacion)
    REFERENCES TIPO_IDENTIFICACION (id_tipo_identificacion);

-- Reference: CUOTAS_AUOTPLAN_AUTOPLANES (table: CUOTAS_AUOTPLAN)
ALTER TABLE CUOTAS_AUOTPLAN ADD CONSTRAINT FK_CUOTAS_AUOTPLAN_AUTOPLANES FOREIGN KEY (id_autoplan)
    REFERENCES AUTOPLANES (id_autoplan);

-- Reference: CUOTAS_AUOTPLAN_FACTURAS (table: CUOTAS_AUOTPLAN)
ALTER TABLE CUOTAS_AUOTPLAN ADD CONSTRAINT FK_CUOTAS_AUOTPLAN_FACTURAS FOREIGN KEY (id_factura)
    REFERENCES FACTURAS (id_factura);

-- Reference: DETALLES_FACTURAS_FACTURAS (table: DETALLES_FACTURAS)
ALTER TABLE DETALLES_FACTURAS ADD CONSTRAINT FK_DETALLES_FACTURAS_FACTURAS FOREIGN KEY (id_factura)
    REFERENCES FACTURAS (id_factura);

-- Reference: DETALLES_FACTURAS_PRODUCTOS (table: DETALLES_FACTURAS)
ALTER TABLE DETALLES_FACTURAS ADD CONSTRAINT FK_DETALLES_FACTURAS_PRODUCTOS FOREIGN KEY (id_producto)
    REFERENCES PRODUCTOS (id_producto);

-- Reference: DETALLE_PEDIDO_ORDEN_PEDIDO (table: DETALLE_PEDIDO)
ALTER TABLE DETALLE_PEDIDO ADD CONSTRAINT FK_DETALLE_PEDIDO_ORDEN_PEDIDO FOREIGN KEY (id_pedido)
    REFERENCES ORDEN_PEDIDO (id_pedido);

-- Reference: DETALLE_PEDIDO_PRODUCTOS (table: DETALLE_PEDIDO)
ALTER TABLE DETALLE_PEDIDO ADD CONSTRAINT FK_DETALLE_PEDIDO_PRODUCTOS FOREIGN KEY (id_producto)
    REFERENCES PRODUCTOS (id_producto);


-- Reference: FACTURAS_CLIENTES (table: FACTURAS)
ALTER TABLE FACTURAS ADD CONSTRAINT FK_FACTURAS_CLIENTES FOREIGN KEY (id_cliente)
    REFERENCES CLIENTES (id_cliente);

-- Reference: FACTURAS_ORDEN_PEDIDO (table: FACTURAS)
ALTER TABLE FACTURAS ADD CONSTRAINT FK_FACTURAS_ORDEN_PEDIDO FOREIGN KEY (id_pedido)
    REFERENCES ORDEN_PEDIDO (id_pedido);

-- Reference: FACTURAS_TIPOS_FACTURAS (table: FACTURAS)
ALTER TABLE FACTURAS ADD CONSTRAINT FK_FACTURAS_TIPOS_FACTURAS FOREIGN KEY (id_tipo_factura)
    REFERENCES TIPOS_FACTURAS (id_tipo_factura);

-- Reference: FACTURAS_VENDEDORES (table: FACTURAS)
ALTER TABLE FACTURAS ADD CONSTRAINT FK_FACTURAS_VENDEDORES FOREIGN KEY (id_vendedor)
    REFERENCES VENDEDORES (id_vendedor);

-- Reference: FORMAS_PAGOSxFACTURAS_FACTURAS (table: FORMAS_PAGOSxFACTURAS)
ALTER TABLE FORMAS_PAGOSxFACTURAS ADD CONSTRAINT FK_FORMAS_PAGOSxFACTURAS_FACTURAS FOREIGN KEY (id_factura)
    REFERENCES FACTURAS (id_factura);

-- Reference: FORMAS_PAGOSxFACTURAS_FORMAS_PAGOS (table: FORMAS_PAGOSxFACTURAS)
ALTER TABLE FORMAS_PAGOSxFACTURAS ADD CONSTRAINT FK_FORMAS_PAGOSxFACTURAS_FORMAS_PAGOS FOREIGN KEY (id_forma_pago)
    REFERENCES FORMAS_PAGOS (id_forma_pago);

-- Reference: HISTORIALES_PRECIOS_PRODUCTOS (table: HISTORIALES_PRECIOS)
ALTER TABLE HISTORIALES_PRECIOS ADD CONSTRAINT FK_HISTORIALES_PRECIOS_PRODUCTOS FOREIGN KEY (id_producto)
    REFERENCES PRODUCTOS (id_producto);

-- Reference: LOCALIDADES_PROVINCIAS (table: LOCALIDADES)
ALTER TABLE LOCALIDADES ADD CONSTRAINT FK_LOCALIDADES_PROVINCIAS FOREIGN KEY(id_provincia)
    REFERENCES PROVINCIAS (id_provincia);

-- Reference: ORDEN_PEDIDO_CLIENTES (table: ORDEN_PEDIDO)
ALTER TABLE ORDEN_PEDIDO ADD CONSTRAINT FK_ORDEN_PEDIDO_CLIENTES FOREIGN KEY(id_cliente)
    REFERENCES CLIENTES (id_cliente);

-- Reference: PRODUCTOS_COLORES (table: PRODUCTOS)
ALTER TABLE PRODUCTOS ADD CONSTRAINT FK_PRODUCTOS_COLORES FOREIGN KEY(id_color)
    REFERENCES COLORES (id_color);

-- Reference: PRODUCTOS_MATERIALES (table: PRODUCTOS)
ALTER TABLE PRODUCTOS ADD CONSTRAINT FK_PRODUCTOS_MATERIALES FOREIGN KEY (id_material)
    REFERENCES MATERIALES (id_material);

-- Reference: PRODUCTOS_RUBROS (table: PRODUCTOS)
ALTER TABLE PRODUCTOS ADD CONSTRAINT FK_PRODUCTOS_RUBROS FOREIGN KEY (id_rubro)
    REFERENCES RUBROS (id_rubro);

-- Reference: PRODUCTOS_TIPOS_PRODUCTOS (table: PRODUCTOS)
ALTER TABLE PRODUCTOS ADD CONSTRAINT FK_PRODUCTOS_TIPOS_PRODUCTOS FOREIGN KEY (id_tipo_producto)
    REFERENCES TIPOS_PRODUCTOS (id_tipo_producto);

-- Reference: VENDEDORES_BARRIOS (table: VENDEDORES)
ALTER TABLE VENDEDORES ADD CONSTRAINT FK_VENDEDORES_BARRIOS FOREIGN KEY (id_barrio)
    REFERENCES BARRIOS (id_barrio);

-- Reference: VENDEDORES_TIPO_IDENTIFICACION (table: VENDEDORES)
ALTER TABLE VENDEDORES ADD CONSTRAINT FK_VENDEDORES_TIPO_IDENTIFICACION FOREIGN KEY (id_tipo_identificacion)
    REFERENCES TIPO_IDENTIFICACION (id_tipo_identificacion);


--DATOS DE PROVINCIAS - LOCALIDADES Y BARRIOS --------------------------------------
--PROVINCIAS

INSERT INTO PROVINCIAS(provincia) VALUES ('Cordoba')
INSERT INTO PROVINCIAS(provincia) VALUES ('Buenos Aires')
INSERT INTO PROVINCIAS(provincia) VALUES ('Santa Fe')



--LOCALIDADES
INSERT INTO LOCALIDADES(LOCALIDAD,id_provincia) VALUES ('Achiras',1)
INSERT INTO LOCALIDADES(LOCALIDAD,id_provincia) VALUES ('Adelia María',1)
INSERT INTO LOCALIDADES(LOCALIDAD,id_provincia) VALUES ('Agua de Oro',1)
INSERT INTO LOCALIDADES(LOCALIDAD,id_provincia) VALUES ('Alcira (Gigena)',1)
INSERT INTO LOCALIDADES(LOCALIDAD,id_provincia) VALUES ('Aldea Santa María',1)
INSERT INTO LOCALIDADES(LOCALIDAD,id_provincia) VALUES ('Alejandro Roca',1)
INSERT INTO LOCALIDADES(LOCALIDAD,id_provincia) VALUES ('Alejo Ledesma',1)
INSERT INTO LOCALIDADES(LOCALIDAD,id_provincia) VALUES ('Alicia',1)
INSERT INTO LOCALIDADES(LOCALIDAD,id_provincia) VALUES ('Almafuerte',1)
INSERT INTO LOCALIDADES(LOCALIDAD,id_provincia) VALUES ('Assunta',1)
INSERT INTO LOCALIDADES(LOCALIDAD,id_provincia) VALUES ('Atahona',1)
INSERT INTO LOCALIDADES(LOCALIDAD,id_provincia) VALUES ('Ausonia',1)
INSERT INTO LOCALIDADES(LOCALIDAD,id_provincia) VALUES ('Avellaneda',1)
INSERT INTO LOCALIDADES(LOCALIDAD,id_provincia) VALUES ('Ballesteros',1)
INSERT INTO LOCALIDADES(LOCALIDAD,id_provincia) VALUES ('Ballesteros Sur',1)
INSERT INTO LOCALIDADES(LOCALIDAD,id_provincia) VALUES ('Balnearia',1)
INSERT INTO LOCALIDADES(LOCALIDAD,id_provincia) VALUES ('Bañado de Soto',1)
INSERT INTO LOCALIDADES(LOCALIDAD,id_provincia) VALUES ('Barrio Gilbert',1)
INSERT INTO LOCALIDADES(LOCALIDAD,id_provincia) VALUES ('Barrio Nuevo Rio Ceballos',1)
INSERT INTO LOCALIDADES(LOCALIDAD,id_provincia) VALUES ('Barrio Santa Isabel',1)
INSERT INTO LOCALIDADES(LOCALIDAD,id_provincia) VALUES ('Bell Ville',1)
INSERT INTO LOCALIDADES(LOCALIDAD,id_provincia) VALUES ('Bengolea',1)
INSERT INTO LOCALIDADES(LOCALIDAD,id_provincia) VALUES ('Benjamín Gould',1)
INSERT INTO LOCALIDADES(LOCALIDAD,id_provincia) VALUES ('Berrotarán',1)
INSERT INTO LOCALIDADES(LOCALIDAD,id_provincia) VALUES ('Bialet Massé',1)
INSERT INTO LOCALIDADES(LOCALIDAD,id_provincia) VALUES ('Bouwer',1)
INSERT INTO LOCALIDADES(LOCALIDAD,id_provincia) VALUES ('Brinkmann',1)
INSERT INTO LOCALIDADES(LOCALIDAD,id_provincia) VALUES ('Bulnes',1)
INSERT INTO LOCALIDADES(LOCALIDAD,id_provincia) VALUES ('Cabalango',1)
INSERT INTO LOCALIDADES(LOCALIDAD,id_provincia) VALUES ('Calchín',1)
INSERT INTO LOCALIDADES(LOCALIDAD,id_provincia) VALUES ('Calchín Oeste',1)
INSERT INTO LOCALIDADES(LOCALIDAD,id_provincia) VALUES ('Camilo Aldao',1)
INSERT INTO LOCALIDADES(LOCALIDAD,id_provincia) VALUES ('Caminiaga',1)
INSERT INTO LOCALIDADES(LOCALIDAD,id_provincia) VALUES ('Campos del Virrey',1)
INSERT INTO LOCALIDADES(LOCALIDAD,id_provincia) VALUES ('Cañada del Sauce',1)
INSERT INTO LOCALIDADES(LOCALIDAD,id_provincia) VALUES ('Cañada de Luque',1)
INSERT INTO LOCALIDADES(LOCALIDAD,id_provincia) VALUES ('Cañada de Machado',1)
INSERT INTO LOCALIDADES(LOCALIDAD,id_provincia) VALUES ('Cañada de Río Pinto',1)
INSERT INTO LOCALIDADES(LOCALIDAD,id_provincia) VALUES ('Canals',1)
INSERT INTO LOCALIDADES(LOCALIDAD,id_provincia) VALUES ('Candelaria Sur',1)
INSERT INTO LOCALIDADES(LOCALIDAD,id_provincia) VALUES ('Canteras El Sauce',1)
INSERT INTO LOCALIDADES(LOCALIDAD,id_provincia) VALUES ('Canteras Quilpo',1)
INSERT INTO LOCALIDADES(LOCALIDAD,id_provincia) VALUES ('Capilla del Carmen',1)
INSERT INTO LOCALIDADES(LOCALIDAD,id_provincia) VALUES ('Capilla del Monte',1)
INSERT INTO LOCALIDADES(LOCALIDAD,id_provincia) VALUES ('Capilla de los Remedios',1)
INSERT INTO LOCALIDADES(LOCALIDAD,id_provincia) VALUES ('Capilla de Sitón',1)
INSERT INTO LOCALIDADES(LOCALIDAD,id_provincia) VALUES ('Capilla Vieja',1)
INSERT INTO LOCALIDADES(LOCALIDAD,id_provincia) VALUES ('Capitán General Bernardo OHiggins',1)
INSERT INTO LOCALIDADES(LOCALIDAD,id_provincia) VALUES ('Carnerillo',1)
INSERT INTO LOCALIDADES(LOCALIDAD,id_provincia) VALUES ('Carrilobo',1)
INSERT INTO LOCALIDADES(LOCALIDAD,id_provincia) VALUES ('Casa Bamba',1)
INSERT INTO LOCALIDADES(LOCALIDAD,id_provincia) VALUES ('Casa Grande',1)
INSERT INTO LOCALIDADES(LOCALIDAD,id_provincia) VALUES ('Caseros Centro',1)
INSERT INTO LOCALIDADES(LOCALIDAD,id_provincia) VALUES ('Causana',1)
INSERT INTO LOCALIDADES(LOCALIDAD,id_provincia) VALUES ('Cavanagh',1)
INSERT INTO LOCALIDADES(LOCALIDAD,id_provincia) VALUES ('Cerro Colorado',1)
INSERT INTO LOCALIDADES(LOCALIDAD,id_provincia) VALUES ('Chaján',1)
INSERT INTO LOCALIDADES(LOCALIDAD,id_provincia) VALUES ('Chalacea',1)
INSERT INTO LOCALIDADES(LOCALIDAD,id_provincia) VALUES ('Chañar Viejo',1)
INSERT INTO LOCALIDADES(LOCALIDAD,id_provincia) VALUES ('Chancaní',1)
INSERT INTO LOCALIDADES(LOCALIDAD,id_provincia) VALUES ('Cruz Caña',1)
INSERT INTO LOCALIDADES(LOCALIDAD,id_provincia) VALUES ('Cruz de Caña',1)
INSERT INTO LOCALIDADES(LOCALIDAD,id_provincia) VALUES ('Cruz del Eje',1)
INSERT INTO LOCALIDADES(LOCALIDAD,id_provincia) VALUES ('Cuesta Blanca',1)
INSERT INTO LOCALIDADES(LOCALIDAD,id_provincia) VALUES ('Dalmacio Vélez',1)
INSERT INTO LOCALIDADES(LOCALIDAD,id_provincia) VALUES ('Deán Funes',1)
INSERT INTO LOCALIDADES(LOCALIDAD,id_provincia) VALUES ('El Rodeo',1)
INSERT INTO LOCALIDADES(LOCALIDAD,id_provincia) VALUES ('El Tío',1)
INSERT INTO LOCALIDADES(LOCALIDAD,id_provincia) VALUES ('El Tuscal',1)
INSERT INTO LOCALIDADES(LOCALIDAD,id_provincia) VALUES ('Embalse',1)
INSERT INTO LOCALIDADES(LOCALIDAD,id_provincia) VALUES ('Esquina',1)
INSERT INTO LOCALIDADES(LOCALIDAD,id_provincia) VALUES ('Esquina del Alambre',1)
INSERT INTO LOCALIDADES(LOCALIDAD,id_provincia) VALUES ('Estación Colonia Tirolesa ',1)
INSERT INTO LOCALIDADES(LOCALIDAD,id_provincia) VALUES ('Estación Lecueder',1)
INSERT INTO LOCALIDADES(LOCALIDAD,id_provincia) VALUES ('Estación Luxardo',1)
INSERT INTO LOCALIDADES(LOCALIDAD,id_provincia) VALUES ('Estancia de Guadalupe',1)
INSERT INTO LOCALIDADES(LOCALIDAD,id_provincia) VALUES ('Estancia Vieja',1)
INSERT INTO LOCALIDADES(LOCALIDAD,id_provincia) VALUES ('Etruria',1)
INSERT INTO LOCALIDADES(LOCALIDAD,id_provincia) VALUES ('Eufrasio Loza',1)
INSERT INTO LOCALIDADES(LOCALIDAD,id_provincia) VALUES ('Falda del Cañete',1)
INSERT INTO LOCALIDADES(LOCALIDAD,id_provincia) VALUES ('Falda del Carmen',1)
INSERT INTO LOCALIDADES(LOCALIDAD,id_provincia) VALUES ('Freyre',1)
INSERT INTO LOCALIDADES(LOCALIDAD,id_provincia) VALUES ('General Baldissera',1)
INSERT INTO LOCALIDADES(LOCALIDAD,id_provincia) VALUES ('Laguna Larga',1)
INSERT INTO LOCALIDADES(LOCALIDAD,id_provincia) VALUES ('La Higuera',1)
INSERT INTO LOCALIDADES(LOCALIDAD,id_provincia) VALUES ('La Laguna',1)
INSERT INTO LOCALIDADES(LOCALIDAD,id_provincia) VALUES ('La Morada',1)
INSERT INTO LOCALIDADES(LOCALIDAD,id_provincia) VALUES ('La Paisanita',1)
INSERT INTO LOCALIDADES(LOCALIDAD,id_provincia) VALUES ('La Palestina',1)
INSERT INTO LOCALIDADES(LOCALIDAD,id_provincia) VALUES ('La Pampa',1)
INSERT INTO LOCALIDADES(LOCALIDAD,id_provincia) VALUES ('La Paquita',1)
INSERT INTO LOCALIDADES(LOCALIDAD,id_provincia) VALUES ('La Para',1)
INSERT INTO LOCALIDADES(LOCALIDAD,id_provincia) VALUES ('Los Talares',1)
INSERT INTO LOCALIDADES(LOCALIDAD,id_provincia) VALUES ('Los Zorros',1)
INSERT INTO LOCALIDADES(LOCALIDAD,id_provincia) VALUES ('Lozada',1)
INSERT INTO LOCALIDADES(LOCALIDAD,id_provincia) VALUES ('Luca',1)
INSERT INTO LOCALIDADES(LOCALIDAD,id_provincia) VALUES ('Lucio V. Mansilla',1)
INSERT INTO LOCALIDADES(LOCALIDAD,id_provincia) VALUES ('Luque',1)
INSERT INTO LOCALIDADES(LOCALIDAD,id_provincia) VALUES ('Lutti',1)
INSERT INTO LOCALIDADES(LOCALIDAD,id_provincia) VALUES ('Luyaba',1)
INSERT INTO LOCALIDADES(LOCALIDAD,id_provincia) VALUES ('Malagueño',1)
INSERT INTO LOCALIDADES(LOCALIDAD,id_provincia) VALUES ('Malena',1)
INSERT INTO LOCALIDADES(LOCALIDAD,id_provincia) VALUES ('Mallín',1)
INSERT INTO LOCALIDADES(LOCALIDAD,id_provincia) VALUES ('Malvinas Argentinas',1)
INSERT INTO LOCALIDADES(LOCALIDAD,id_provincia) VALUES ('Manfredi',1)
INSERT INTO LOCALIDADES(LOCALIDAD,id_provincia) VALUES ('Maquinista Gallini',1)
INSERT INTO LOCALIDADES(LOCALIDAD,id_provincia) VALUES ('Marcos Juárez',1)
INSERT INTO LOCALIDADES(LOCALIDAD,id_provincia) VALUES ('Nono',1)
INSERT INTO LOCALIDADES(LOCALIDAD,id_provincia) VALUES ('Obispo Trejo',1)
INSERT INTO LOCALIDADES(LOCALIDAD,id_provincia) VALUES ('Olaeta',1)
INSERT INTO LOCALIDADES(LOCALIDAD,id_provincia) VALUES ('Oliva',1)
INSERT INTO LOCALIDADES(LOCALIDAD,id_provincia) VALUES ('Olivares de San Nicolás',1)
INSERT INTO LOCALIDADES(LOCALIDAD,id_provincia) VALUES ('Onagoity',1)
INSERT INTO LOCALIDADES(LOCALIDAD,id_provincia) VALUES ('Oncativo',1)
INSERT INTO LOCALIDADES(LOCALIDAD,id_provincia) VALUES ('Ordóñez',1)
INSERT INTO LOCALIDADES(LOCALIDAD,id_provincia) VALUES ('Pacheco de Melo',1)
INSERT INTO LOCALIDADES(LOCALIDAD,id_provincia) VALUES ('Pajas Blancas',1)
INSERT INTO LOCALIDADES(LOCALIDAD,id_provincia) VALUES ('Pampayasta Norte',1)
INSERT INTO LOCALIDADES(LOCALIDAD,id_provincia) VALUES ('Pampayasta Sur',1)
INSERT INTO LOCALIDADES(LOCALIDAD,id_provincia) VALUES ('Panaholma',1)
INSERT INTO LOCALIDADES(LOCALIDAD,id_provincia) VALUES ('Parque Calmayo',1)
INSERT INTO LOCALIDADES(LOCALIDAD,id_provincia) VALUES ('Pascanas',1)
INSERT INTO LOCALIDADES(LOCALIDAD,id_provincia) VALUES ('Pasco',1)
INSERT INTO LOCALIDADES(LOCALIDAD,id_provincia) VALUES ('Saldán',1)
INSERT INTO LOCALIDADES(LOCALIDAD,id_provincia) VALUES ('Salsacate',1)
INSERT INTO LOCALIDADES(LOCALIDAD,id_provincia) VALUES ('Salsipuedes',1)
INSERT INTO LOCALIDADES(LOCALIDAD,id_provincia) VALUES ('Sampacho',1)
INSERT INTO LOCALIDADES(LOCALIDAD,id_provincia) VALUES ('Sanabria',1)
INSERT INTO LOCALIDADES(LOCALIDAD,id_provincia) VALUES ('San Agustín',1)
INSERT INTO LOCALIDADES(LOCALIDAD,id_provincia) VALUES ('San Pedro de Toyos',1)
INSERT INTO LOCALIDADES(LOCALIDAD,id_provincia) VALUES ('San Pedro Norte',1)
INSERT INTO LOCALIDADES(LOCALIDAD,id_provincia) VALUES ('San Roque',1)
INSERT INTO LOCALIDADES(LOCALIDAD,id_provincia) VALUES ('San Severo',1)
INSERT INTO LOCALIDADES(LOCALIDAD,id_provincia) VALUES ('Santa Catalina (Holmberg)',1)
INSERT INTO LOCALIDADES(LOCALIDAD,id_provincia) VALUES ('Santa Catalina',1)
INSERT INTO LOCALIDADES(LOCALIDAD,id_provincia) VALUES ('Santa Elena',1)
INSERT INTO LOCALIDADES(LOCALIDAD,id_provincia) VALUES ('Santa Elena',1)
INSERT INTO LOCALIDADES(LOCALIDAD,id_provincia) VALUES ('Santa Eufemia',1)
INSERT INTO LOCALIDADES(LOCALIDAD,id_provincia) VALUES ('Santa Magdalena (Est. Jovita)',1)
INSERT INTO LOCALIDADES(LOCALIDAD,id_provincia) VALUES ('Santa María de Punilla',1)
INSERT INTO LOCALIDADES(LOCALIDAD,id_provincia) VALUES ('Santa Rosa de Calamuchita',1)
INSERT INTO LOCALIDADES(LOCALIDAD,id_provincia) VALUES ('Santa Rosa de Río Primero',1)
INSERT INTO LOCALIDADES(LOCALIDAD,id_provincia) VALUES ('Yocsina',1)
INSERT INTO LOCALIDADES(LOCALIDAD,id_provincia) VALUES ('Capital',1)
INSERT INTO LOCALIDADES(LOCALIDAD,id_provincia) VALUES ('Rio Cuarto',1)
INSERT INTO LOCALIDADES(LOCALIDAD,id_provincia) VALUES ('Villa Maria',1)
INSERT INTO LOCALIDADES(LOCALIDAD,id_provincia) VALUES ('Villa Arcadia',2)
INSERT INTO LOCALIDADES(LOCALIDAD,id_provincia) VALUES ('Villa Cacique',2)
INSERT INTO LOCALIDADES(LOCALIDAD,id_provincia) VALUES ('Villa Campi',2)
INSERT INTO LOCALIDADES(LOCALIDAD,id_provincia) VALUES ('Villa Canto',2)
INSERT INTO LOCALIDADES(LOCALIDAD,id_provincia) VALUES ('Villa Ramallo',2)
INSERT INTO LOCALIDADES(LOCALIDAD,id_provincia) VALUES ('Villalonga',2)
INSERT INTO LOCALIDADES(LOCALIDAD,id_provincia) VALUES ('Saavedra',2)
INSERT INTO LOCALIDADES(LOCALIDAD,id_provincia) VALUES ('San José',2)
INSERT INTO LOCALIDADES(LOCALIDAD,id_provincia) VALUES ('Santa Rosa',2)
INSERT INTO LOCALIDADES(LOCALIDAD,id_provincia) VALUES ('Sierra Chica',2 )
INSERT INTO LOCALIDADES(LOCALIDAD,id_provincia) VALUES ('Sierra de la Ventana',2)
INSERT INTO LOCALIDADES(LOCALIDAD,id_provincia) VALUES ('Sierras Bayas',2)
INSERT INTO LOCALIDADES(LOCALIDAD,id_provincia) VALUES ('Plaza Matilde',3)
INSERT INTO LOCALIDADES(LOCALIDAD,id_provincia) VALUES ('Plaza Saguier',3)
INSERT INTO LOCALIDADES(LOCALIDAD,id_provincia) VALUES ('Pozo Borrado',3)
INSERT INTO LOCALIDADES(LOCALIDAD,id_provincia) VALUES ('Pozo de los Indios',3)
INSERT INTO LOCALIDADES(LOCALIDAD,id_provincia) VALUES ('Presidente Roca',3)
INSERT INTO LOCALIDADES(LOCALIDAD,id_provincia) VALUES ('Progreso',3)
INSERT INTO LOCALIDADES(LOCALIDAD,id_provincia) VALUES ('Providencia',3)
INSERT INTO LOCALIDADES(LOCALIDAD,id_provincia) VALUES ('Pueblo Andino',3)
INSERT INTO LOCALIDADES(LOCALIDAD,id_provincia) VALUES ('Pueblo Esther',3)
INSERT INTO LOCALIDADES(LOCALIDAD,id_provincia) VALUES ('Pueblo Marini',3)
INSERT INTO LOCALIDADES(LOCALIDAD,id_provincia) VALUES ('Pueblo Muñoz (Est. Bernard)',3)
INSERT INTO LOCALIDADES(LOCALIDAD,id_provincia) VALUES ('Pueblo Santa Lucía',3)
INSERT INTO LOCALIDADES(LOCALIDAD,id_provincia) VALUES ('Pueblo Uranga ',3)
INSERT INTO LOCALIDADES(LOCALIDAD,id_provincia) VALUES ('Puerto Aragón',3)
INSERT INTO LOCALIDADES(LOCALIDAD,id_provincia) VALUES ('Puerto Arroyo Seco',3)
INSERT INTO LOCALIDADES(LOCALIDAD,id_provincia) VALUES ('Puerto General San Martín',3)
INSERT INTO LOCALIDADES(LOCALIDAD,id_provincia) VALUES ('Puerto Reconquista',3)
INSERT INTO LOCALIDADES(LOCALIDAD,id_provincia) VALUES ('Pujato',3)
INSERT INTO LOCALIDADES(LOCALIDAD,id_provincia) VALUES ('Rafaela',3)
INSERT INTO LOCALIDADES(LOCALIDAD,id_provincia) VALUES ('Ramayón',3)
INSERT INTO LOCALIDADES(LOCALIDAD,id_provincia) VALUES ('Ramona',3)
INSERT INTO LOCALIDADES(LOCALIDAD,id_provincia) VALUES ('Reconquista',3)
INSERT INTO LOCALIDADES(LOCALIDAD,id_provincia) VALUES ('Recreo',3)
INSERT INTO LOCALIDADES(LOCALIDAD,id_provincia) VALUES ('Ricardone',3)
INSERT INTO LOCALIDADES(LOCALIDAD,id_provincia) VALUES ('Rincón Potrero',3)
INSERT INTO LOCALIDADES(LOCALIDAD,id_provincia) VALUES ('Roldán',3)
INSERT INTO LOCALIDADES(LOCALIDAD,id_provincia) VALUES ('Romang',3)
INSERT INTO LOCALIDADES(LOCALIDAD,id_provincia) VALUES ('Rosario',3)
INSERT INTO LOCALIDADES(LOCALIDAD,id_provincia) VALUES ('Rueda',3)
INSERT INTO LOCALIDADES(LOCALIDAD,id_provincia) VALUES ('Rufino',3)
INSERT INTO LOCALIDADES(LOCALIDAD,id_provincia) VALUES ('Saladero Mariano Cabal',3)
INSERT INTO LOCALIDADES(LOCALIDAD,id_provincia) VALUES ('Salto Grande',3)
INSERT INTO LOCALIDADES(LOCALIDAD,id_provincia) VALUES ('San Agustín',3)
INSERT INTO LOCALIDADES(LOCALIDAD,id_provincia) VALUES ('San Antonio',3)
INSERT INTO LOCALIDADES(LOCALIDAD,id_provincia) VALUES ('San Antonio de Obligado',3)
INSERT INTO LOCALIDADES(LOCALIDAD,id_provincia) VALUES ('San Bernardo',3)
INSERT INTO LOCALIDADES(LOCALIDAD,id_provincia) VALUES ('San Bernardo',3)
INSERT INTO LOCALIDADES(LOCALIDAD,id_provincia) VALUES ('San Carlos Centro',3)
INSERT INTO LOCALIDADES(LOCALIDAD,id_provincia) VALUES ('San Carlos Norte',3)
INSERT INTO LOCALIDADES(LOCALIDAD,id_provincia) VALUES ('San Carlos Sud',3)
INSERT INTO LOCALIDADES(LOCALIDAD,id_provincia) VALUES ('San Cristóbal',3)
INSERT INTO LOCALIDADES(LOCALIDAD,id_provincia) VALUES ('Sancti Spiritu',3)
INSERT INTO LOCALIDADES(LOCALIDAD,id_provincia) VALUES ('San Eduardo',3)
INSERT INTO LOCALIDADES(LOCALIDAD,id_provincia) VALUES ('San Eugenio',3)
INSERT INTO LOCALIDADES(LOCALIDAD,id_provincia) VALUES ('San Fabián',3)
INSERT INTO LOCALIDADES(LOCALIDAD,id_provincia) VALUES ('Sanford',3)
INSERT INTO LOCALIDADES(LOCALIDAD,id_provincia) VALUES ('San Francisco de Santa Fe',3)
INSERT INTO LOCALIDADES(LOCALIDAD,id_provincia) VALUES ('San Genaro',3)
INSERT INTO LOCALIDADES(LOCALIDAD,id_provincia) VALUES ('San Genaro Norte',3)
INSERT INTO LOCALIDADES(LOCALIDAD,id_provincia) VALUES ('San Gregorio',3)
INSERT INTO LOCALIDADES(LOCALIDAD,id_provincia) VALUES ('San Guillermo',3)
INSERT INTO LOCALIDADES(LOCALIDAD,id_provincia) VALUES ('San Javier',3)
INSERT INTO LOCALIDADES(LOCALIDAD,id_provincia) VALUES ('San Jerónimo del Sauce',3)




--BARRIOS
INSERT INTO BARRIOS(BARRIO,id_localidad) VALUES (' V.I.C.O.R.',61)
INSERT INTO BARRIOS(BARRIO,id_localidad) VALUES (' ALTOS SAN MARTIN',91)
INSERT INTO BARRIOS(BARRIO,id_localidad) VALUES (' BAJADA SAN ROQUE',151)
INSERT INTO BARRIOS(BARRIO,id_localidad) VALUES (' IRUPE',5)
INSERT INTO BARRIOS(BARRIO,id_localidad) VALUES (' LOS HORNILLOS',19)
INSERT INTO BARRIOS(BARRIO,id_localidad) VALUES (' LA ESPERANZA',157)
INSERT INTO BARRIOS(BARRIO,id_localidad) VALUES (' AMPLIACION LOS ALAMOS',65)
INSERT INTO BARRIOS(BARRIO,id_localidad) VALUES (' ZEPA',162)
INSERT INTO BARRIOS(BARRIO,id_localidad) VALUES (' CIUDAD DE LOS NIÑOS',92)
INSERT INTO BARRIOS(BARRIO,id_localidad) VALUES (' VILLA RIVADAVIA ANEXO "A"',175)
INSERT INTO BARRIOS(BARRIO,id_localidad) VALUES (' FERRER',113)
INSERT INTO BARRIOS(BARRIO,id_localidad) VALUES (' CIUDAD DE JUAN PABLO II',101)
INSERT INTO BARRIOS(BARRIO,id_localidad) VALUES (' NUEVO URCA',117)
INSERT INTO BARRIOS(BARRIO,id_localidad) VALUES (' MAURIZI',142)
INSERT INTO BARRIOS(BARRIO,id_localidad) VALUES (' ROGELIO MARTINEZ',56)
INSERT INTO BARRIOS(BARRIO,id_localidad) VALUES (' BELLA VISTA OESTE',130)
INSERT INTO BARRIOS(BARRIO,id_localidad) VALUES (' LICEO GENERAL PAZ',172)
INSERT INTO BARRIOS(BARRIO,id_localidad) VALUES (' 1RA. JUNTA',56)
INSERT INTO BARRIOS(BARRIO,id_localidad) VALUES (' MANANTIALES I',30)
INSERT INTO BARRIOS(BARRIO,id_localidad) VALUES (' ALTOS SUD DE SAN VICENTE',62)
INSERT INTO BARRIOS(BARRIO,id_localidad) VALUES (' ZEPA',115)
INSERT INTO BARRIOS(BARRIO,id_localidad) VALUES (' MERCANTIL',45)
INSERT INTO BARRIOS(BARRIO,id_localidad) VALUES (' POLICIAL',110)
INSERT INTO BARRIOS(BARRIO,id_localidad) VALUES (' SAN LORENZO NORTE',187)
INSERT INTO BARRIOS(BARRIO,id_localidad) VALUES (' VILLA CORNU',100)
INSERT INTO BARRIOS(BARRIO,id_localidad) VALUES (' LAS MARGARITAS',163)
INSERT INTO BARRIOS(BARRIO,id_localidad) VALUES (' ALTO VERDE',90)
INSERT INTO BARRIOS(BARRIO,id_localidad) VALUES (' MILITAR GENERAL DEHEZA',70)
INSERT INTO BARRIOS(BARRIO,id_localidad) VALUES (' 20 DE JUNIO',138)
INSERT INTO BARRIOS(BARRIO,id_localidad) VALUES (' POLICIAL',185)
INSERT INTO BARRIOS(BARRIO,id_localidad) VALUES (' LOS JOSEFINOS',145)
INSERT INTO BARRIOS(BARRIO,id_localidad) VALUES (' CACERES',127)
INSERT INTO BARRIOS(BARRIO,id_localidad) VALUES (' CUPANI',198)
INSERT INTO BARRIOS(BARRIO,id_localidad) VALUES (' LOS CHINGOLOS',152)
INSERT INTO BARRIOS(BARRIO,id_localidad) VALUES (' CASEROS',83)
INSERT INTO BARRIOS(BARRIO,id_localidad) VALUES (' CONSORCIO 16 DE NOVIEMBRE',32)
INSERT INTO BARRIOS(BARRIO,id_localidad) VALUES (' ALTO PALERMO',174)
INSERT INTO BARRIOS(BARRIO,id_localidad) VALUES (' TABLADA PARK',195)
INSERT INTO BARRIOS(BARRIO,id_localidad) VALUES (' PARQUE MONTECRISTO',118)
INSERT INTO BARRIOS(BARRIO,id_localidad) VALUES (' LOS PINOS',131)
INSERT INTO BARRIOS(BARRIO,id_localidad) VALUES (' GUIÑAZU SUD',26)
INSERT INTO BARRIOS(BARRIO,id_localidad) VALUES (' BAJADA DE PIEDRA',197)
INSERT INTO BARRIOS(BARRIO,id_localidad) VALUES (' SIN DESIGNACION',191)
INSERT INTO BARRIOS(BARRIO,id_localidad) VALUES (' AIRES DEL SUR',101)
INSERT INTO BARRIOS(BARRIO,id_localidad) VALUES (' ALTO HERMOSO',56)
INSERT INTO BARRIOS(BARRIO,id_localidad) VALUES (' SAN LUIS DE FRANCIA',160)
INSERT INTO BARRIOS(BARRIO,id_localidad) VALUES (' KAIROS',147)
INSERT INTO BARRIOS(BARRIO,id_localidad) VALUES (' YAPEYU',88)
INSERT INTO BARRIOS(BARRIO,id_localidad) VALUES (' GUAYAQUIL',77)
INSERT INTO BARRIOS(BARRIO,id_localidad) VALUES (' PATRICIOS',44)
INSERT INTO BARRIOS(BARRIO,id_localidad) VALUES (' SAN FRANCISCO',109)
INSERT INTO BARRIOS(BARRIO,id_localidad) VALUES (' AMPLIACION EMPALME',136)
INSERT INTO BARRIOS(BARRIO,id_localidad) VALUES (' PARQUE COREMA',197)
INSERT INTO BARRIOS(BARRIO,id_localidad) VALUES (' BENJAMIN POLICARPIO CABRAL',84)
INSERT INTO BARRIOS(BARRIO,id_localidad) VALUES (' PARQUE LOS MOLINOS',83)
INSERT INTO BARRIOS(BARRIO,id_localidad) VALUES (' VILLA CORINA',96)
INSERT INTO BARRIOS(BARRIO,id_localidad) VALUES (' PARQUE SAN VICENTE',105)
INSERT INTO BARRIOS(BARRIO,id_localidad) VALUES (' PASO DE LOS ANDES',134)
INSERT INTO BARRIOS(BARRIO,id_localidad) VALUES (' EJERCITO ARGENTINO',104)
INSERT INTO BARRIOS(BARRIO,id_localidad) VALUES (' COUNTRY CLUB',6)
INSERT INTO BARRIOS(BARRIO,id_localidad) VALUES (' FINCA LA DOROTEA',133)
INSERT INTO BARRIOS(BARRIO,id_localidad) VALUES (' LOS EUCALIPTUS',31)
INSERT INTO BARRIOS(BARRIO,id_localidad) VALUES (' O.S.N.',149)
INSERT INTO BARRIOS(BARRIO,id_localidad) VALUES (' SUAREZ',168)
INSERT INTO BARRIOS(BARRIO,id_localidad) VALUES (' BARRANCAS DEL SUR',141)
INSERT INTO BARRIOS(BARRIO,id_localidad) VALUES (' FERREYRA SEGUNDA SECCION',89)
INSERT INTO BARRIOS(BARRIO,id_localidad) VALUES (' PATRIA',156)
INSERT INTO BARRIOS(BARRIO,id_localidad) VALUES (' CAROLA LORENZINI',78)
INSERT INTO BARRIOS(BARRIO,id_localidad) VALUES (' EL CERRITO',148)
INSERT INTO BARRIOS(BARRIO,id_localidad) VALUES (' AMPLIACION ALTAMIRA',171)
INSERT INTO BARRIOS(BARRIO,id_localidad) VALUES (' PARQUE CHATEAU CARRERAS',161)
INSERT INTO BARRIOS(BARRIO,id_localidad) VALUES (' QUINTAS DE ARGUELLO',82)
INSERT INTO BARRIOS(BARRIO,id_localidad) VALUES (' GENERAL BUSTOS',194)
INSERT INTO BARRIOS(BARRIO,id_localidad) VALUES (' AMPLIACION ROSEDAL',56)
INSERT INTO BARRIOS(BARRIO,id_localidad) VALUES (' PARQUE JORGE NEWBERY',192)
INSERT INTO BARRIOS(BARRIO,id_localidad) VALUES (' ROSEDAL',113)
INSERT INTO BARRIOS(BARRIO,id_localidad) VALUES (' RESIDENCIAL OLIVOS',78)
INSERT INTO BARRIOS(BARRIO,id_localidad) VALUES (' COLINAS DE BELLA VISTA',30)
INSERT INTO BARRIOS(BARRIO,id_localidad) VALUES (' SAN NICOLAS',101)
INSERT INTO BARRIOS(BARRIO,id_localidad) VALUES (' U.O.C.R.A.',158)
INSERT INTO BARRIOS(BARRIO,id_localidad) VALUES (' CERVECEROS',25)
INSERT INTO BARRIOS(BARRIO,id_localidad) VALUES (' CERVECEROS',32)
INSERT INTO BARRIOS(BARRIO,id_localidad) VALUES (' COUNTRY LOS ALGARROBOS',131)
INSERT INTO BARRIOS(BARRIO,id_localidad) VALUES (' ALBORADA (S)',178)
INSERT INTO BARRIOS(BARRIO,id_localidad) VALUES (' CERRO CHICO',54)
INSERT INTO BARRIOS(BARRIO,id_localidad) VALUES (' LOS OLMOS SUD',106)
INSERT INTO BARRIOS(BARRIO,id_localidad) VALUES (' S.E.P.',2)
INSERT INTO BARRIOS(BARRIO,id_localidad) VALUES (' O.S.N.',74)
INSERT INTO BARRIOS(BARRIO,id_localidad) VALUES (' ANA MARIA ZUMARAN',70)
INSERT INTO BARRIOS(BARRIO,id_localidad) VALUES (' ALTOS DE VILLA CABRERA',159)
INSERT INTO BARRIOS(BARRIO,id_localidad) VALUES (' REMEDIOS DE ESCALADA',97)
INSERT INTO BARRIOS(BARRIO,id_localidad) VALUES (' SARGENTO CABRAL',95)
INSERT INTO BARRIOS(BARRIO,id_localidad) VALUES (' VILLA CABRERA',19)
INSERT INTO BARRIOS(BARRIO,id_localidad) VALUES (' HIPOLITO IRIGOYEN',200)
INSERT INTO BARRIOS(BARRIO,id_localidad) VALUES (' ARGUELLO',32)
INSERT INTO BARRIOS(BARRIO,id_localidad) VALUES (' GENERAL ARENALES',181)
INSERT INTO BARRIOS(BARRIO,id_localidad) VALUES (' LOS OLMOS SUD',99)
INSERT INTO BARRIOS(BARRIO,id_localidad) VALUES (' AMPLIACION FARINA',171)
INSERT INTO BARRIOS(BARRIO,id_localidad) VALUES (' MARQUES DE SOBREMONTE',158)
INSERT INTO BARRIOS(BARRIO,id_localidad) VALUES (' JERONIMO LUIS DE CABRERA',33)
INSERT INTO BARRIOS(BARRIO,id_localidad) VALUES (' JUAN B. JUSTO',67)
INSERT INTO BARRIOS(BARRIO,id_localidad) VALUES (' DEAN FUNES',4)
INSERT INTO BARRIOS(BARRIO,id_localidad) VALUES (' MARCELO T. DE ALVEAR',25)
INSERT INTO BARRIOS(BARRIO,id_localidad) VALUES (' GENERAL ARTIGAS',40)
INSERT INTO BARRIOS(BARRIO,id_localidad) VALUES (' CIUDAD OBISPO ANGELELLI',10)
INSERT INTO BARRIOS(BARRIO,id_localidad) VALUES (' ALBORADA (N)',168)
INSERT INTO BARRIOS(BARRIO,id_localidad) VALUES (' COLINAS DE VELEZ SARSFIELD',23)
INSERT INTO BARRIOS(BARRIO,id_localidad) VALUES (' PARQUE VELEZ SARSFIELD',70)
INSERT INTO BARRIOS(BARRIO,id_localidad) VALUES (' LOS PARAISOS',183)
INSERT INTO BARRIOS(BARRIO,id_localidad) VALUES (' SAN CAYETANO',71)
INSERT INTO BARRIOS(BARRIO,id_localidad) VALUES (' EMAUS',88)
INSERT INTO BARRIOS(BARRIO,id_localidad) VALUES (' LOS CEIBOS',40)
INSERT INTO BARRIOS(BARRIO,id_localidad) VALUES (' GRANADERO PRINGLES',63)
INSERT INTO BARRIOS(BARRIO,id_localidad) VALUES (' COFICO',88)
INSERT INTO BARRIOS(BARRIO,id_localidad) VALUES (' YOFRE I',151)
INSERT INTO BARRIOS(BARRIO,id_localidad) VALUES (' SANTA ISABEL 3A SECCION',196)
INSERT INTO BARRIOS(BARRIO,id_localidad) VALUES (' COMANDANTE ESPORA',113)
INSERT INTO BARRIOS(BARRIO,id_localidad) VALUES (' GENERAL MOSCONI',131)
INSERT INTO BARRIOS(BARRIO,id_localidad) VALUES (' JARDIN HIPODROMO',111)
INSERT INTO BARRIOS(BARRIO,id_localidad) VALUES (' NUEVA CORDOBA',55)
INSERT INTO BARRIOS(BARRIO,id_localidad) VALUES (' INDEPENDENCIA',162)
INSERT INTO BARRIOS(BARRIO,id_localidad) VALUES (' PARQUE FUTURA',76)
INSERT INTO BARRIOS(BARRIO,id_localidad) VALUES (' PARQUE FUTURA',104)
INSERT INTO BARRIOS(BARRIO,id_localidad) VALUES (' REMEDIOS DE ESCALADA',16)
INSERT INTO BARRIOS(BARRIO,id_localidad) VALUES (' YAPEYU',12)
INSERT INTO BARRIOS(BARRIO,id_localidad) VALUES (' ALMIRANTE BROWN',90)
INSERT INTO BARRIOS(BARRIO,id_localidad) VALUES (' CRISOL NORTE',80)
INSERT INTO BARRIOS(BARRIO,id_localidad) VALUES (' AMEGHINO NORTE',130)
INSERT INTO BARRIOS(BARRIO,id_localidad) VALUES (' LOS NARANJOS',133)
INSERT INTO BARRIOS(BARRIO,id_localidad) VALUES (' LOS PLATANOS',5)
INSERT INTO BARRIOS(BARRIO,id_localidad) VALUES (' SAN LORENZO (S)',200)
INSERT INTO BARRIOS(BARRIO,id_localidad) VALUES (' SAN LORENZO',99)
INSERT INTO BARRIOS(BARRIO,id_localidad) VALUES (' PARQUE LICEO SECCION 1',115)
INSERT INTO BARRIOS(BARRIO,id_localidad) VALUES (' CARRARA',93)
INSERT INTO BARRIOS(BARRIO,id_localidad) VALUES (' PARQUE CHACABUCO',41)
INSERT INTO BARRIOS(BARRIO,id_localidad) VALUES (' SANTA CECILIA',192)
INSERT INTO BARRIOS(BARRIO,id_localidad) VALUES (' VILLA MARTA',92)
INSERT INTO BARRIOS(BARRIO,id_localidad) VALUES (' CENTRO',120)
INSERT INTO BARRIOS(BARRIO,id_localidad) VALUES (' LA HORTENSIA',115)
INSERT INTO BARRIOS(BARRIO,id_localidad) VALUES (' VIVERO NORTE',48)
INSERT INTO BARRIOS(BARRIO,id_localidad) VALUES (' ALTOS DE MANANTIALES',107)
INSERT INTO BARRIOS(BARRIO,id_localidad) VALUES (' PARQUE LICEO 1A SECCION',5)
INSERT INTO BARRIOS(BARRIO,id_localidad) VALUES (' ARTURO CAPDEVILA',174)
INSERT INTO BARRIOS(BARRIO,id_localidad) VALUES (' VILLA SERRANA',51)
INSERT INTO BARRIOS(BARRIO,id_localidad) VALUES (' LAS ROSAS',127)
INSERT INTO BARRIOS(BARRIO,id_localidad) VALUES (' VILLA ALBERDI',137)
INSERT INTO BARRIOS(BARRIO,id_localidad) VALUES (' MARECHAL',138)
INSERT INTO BARRIOS(BARRIO,id_localidad) VALUES (' SAN MARTIN NORTE',195)
INSERT INTO BARRIOS(BARRIO,id_localidad) VALUES (' OBRERO',177)
INSERT INTO BARRIOS(BARRIO,id_localidad) VALUES (' VILLA ALLENDE PARQUE',192)
INSERT INTO BARRIOS(BARRIO,id_localidad) VALUES (' SAN MARTIN ANEXO',77)
INSERT INTO BARRIOS(BARRIO,id_localidad) VALUES (' LOMAS DE SAN MARTIN',65)
INSERT INTO BARRIOS(BARRIO,id_localidad) VALUES (' CORRAL DE PALOS',162)
INSERT INTO BARRIOS(BARRIO,id_localidad) VALUES (' PARQUE LICEO 2A SECCION',87)
INSERT INTO BARRIOS(BARRIO,id_localidad) VALUES (' SANTA RITA',193)
INSERT INTO BARRIOS(BARRIO,id_localidad) VALUES (' NUEVA ITALIA',40)
INSERT INTO BARRIOS(BARRIO,id_localidad) VALUES (' GUARNICION AREA CBA',111)
INSERT INTO BARRIOS(BARRIO,id_localidad) VALUES (' CABO FARINA',38)
INSERT INTO BARRIOS(BARRIO,id_localidad) VALUES (' CABO FARINA',12)
INSERT INTO BARRIOS(BARRIO,id_localidad) VALUES (' AMEGHINO SUD',152)
INSERT INTO BARRIOS(BARRIO,id_localidad) VALUES (' RENACIMIENTO',28)
INSERT INTO BARRIOS(BARRIO,id_localidad) VALUES (' JARDIN DEL PILAR',128)
INSERT INTO BARRIOS(BARRIO,id_localidad) VALUES (' MARCOS SASTRE',103)
INSERT INTO BARRIOS(BARRIO,id_localidad) VALUES (' VALLE CERCANO',152)
INSERT INTO BARRIOS(BARRIO,id_localidad) VALUES (' INDUSTRIAL ESTE',65)
INSERT INTO BARRIOS(BARRIO,id_localidad) VALUES (' JOSE IGNACIO DIAZ 2A SECCION',49)
INSERT INTO BARRIOS(BARRIO,id_localidad) VALUES (' VALLE DEL CERRO',178)
INSERT INTO BARRIOS(BARRIO,id_localidad) VALUES (' AMPLIACION URCA',179)
INSERT INTO BARRIOS(BARRIO,id_localidad) VALUES (' COLINAS DEL CERRO',2)
INSERT INTO BARRIOS(BARRIO,id_localidad) VALUES (' COUNTRY BARRANCAS',101)
INSERT INTO BARRIOS(BARRIO,id_localidad) VALUES (' PARQUE TABLADA',49)
INSERT INTO BARRIOS(BARRIO,id_localidad) VALUES (' VILLA ADELA',91)
INSERT INTO BARRIOS(BARRIO,id_localidad) VALUES (' AEROPUERTO',62)
INSERT INTO BARRIOS(BARRIO,id_localidad) VALUES (' LOS BOULEVARES',8)
INSERT INTO BARRIOS(BARRIO,id_localidad) VALUES (' PARQUE MODELO',73)
INSERT INTO BARRIOS(BARRIO,id_localidad) VALUES (' COUNTRY RANCH CLUB',7)
INSERT INTO BARRIOS(BARRIO,id_localidad) VALUES (' VILLA SOLFERINO',18)
INSERT INTO BARRIOS(BARRIO,id_localidad) VALUES (' ROSEDAL',15)
INSERT INTO BARRIOS(BARRIO,id_localidad) VALUES (' VILLA PAEZ',5)
INSERT INTO BARRIOS(BARRIO,id_localidad) VALUES (' CALIFORNIA',127)
INSERT INTO BARRIOS(BARRIO,id_localidad) VALUES (' EMPALME CASAS DE OBREROS Y EMPLEADOS',31)
INSERT INTO BARRIOS(BARRIO,id_localidad) VALUES (' BAJO GALAN',73)
INSERT INTO BARRIOS(BARRIO,id_localidad) VALUES (' SANTA ANA RESIDENCIAL',193)
INSERT INTO BARRIOS(BARRIO,id_localidad) VALUES (' AMPLIACION PUEYRREDON',9)
INSERT INTO BARRIOS(BARRIO,id_localidad) VALUES (' SAN JAVIER',152)
INSERT INTO BARRIOS(BARRIO,id_localidad) VALUES (' SAN JAVIER',107)
INSERT INTO BARRIOS(BARRIO,id_localidad) VALUES (' VILLA ARGENTINA',92)
INSERT INTO BARRIOS(BARRIO,id_localidad) VALUES (' VILLA ASPASIA',1)
INSERT INTO BARRIOS(BARRIO,id_localidad) VALUES (' SEP SEGUNDA ETAPA',104)
INSERT INTO BARRIOS(BARRIO,id_localidad) VALUES (' LAS HUERTILLAS',37)
INSERT INTO BARRIOS(BARRIO,id_localidad) VALUES (' FERROVIARIO  MITRE',46)
INSERT INTO BARRIOS(BARRIO,id_localidad) VALUES (' EMPALME',8)
INSERT INTO BARRIOS(BARRIO,id_localidad) VALUES (' LAS LILAS',136)
INSERT INTO BARRIOS(BARRIO,id_localidad) VALUES (' PARQUE ALAMEDA',183)
INSERT INTO BARRIOS(BARRIO,id_localidad) VALUES (' PARQUE ALAMEDA',169)
INSERT INTO BARRIOS(BARRIO,id_localidad) VALUES (' JOSE IGNACIO DIAZ 1A SECCION',119)
INSERT INTO BARRIOS(BARRIO,id_localidad) VALUES (' TALLERES SUD',11)
INSERT INTO BARRIOS(BARRIO,id_localidad) VALUES (' LAS LILAS',156)
INSERT INTO BARRIOS(BARRIO,id_localidad) VALUES (' VILLA CORNU',119)
INSERT INTO BARRIOS(BARRIO,id_localidad) VALUES (' COOPERATIVA 16 DE NOVIEMBRE',47)
INSERT INTO BARRIOS(BARRIO,id_localidad) VALUES (' TEJAS DE LA CANDELARIA',195)
INSERT INTO BARRIOS(BARRIO,id_localidad) VALUES (' SAN ANTONIO',79)
INSERT INTO BARRIOS(BARRIO,id_localidad) VALUES (' OBSERVATORIO',32)
INSERT INTO BARRIOS(BARRIO,id_localidad) VALUES (' APEADERO LA TABLADA',151)
INSERT INTO BARRIOS(BARRIO,id_localidad) VALUES (' OMBU',184)
INSERT INTO BARRIOS(BARRIO,id_localidad) VALUES (' SOLARES DE SANTA MARIA',75)
INSERT INTO BARRIOS(BARRIO,id_localidad) VALUES (' MANANTIALES II',1)
INSERT INTO BARRIOS(BARRIO,id_localidad) VALUES (' RIVADAVIA',120)
INSERT INTO BARRIOS(BARRIO,id_localidad) VALUES (' CLAROS DEL BOSQUE',93)
INSERT INTO BARRIOS(BARRIO,id_localidad) VALUES (' 4 DE FEBRERO',130)
INSERT INTO BARRIOS(BARRIO,id_localidad) VALUES (' SAN PEDRO NOLASCO',196)
INSERT INTO BARRIOS(BARRIO,id_localidad) VALUES (' ALTOS DE VELEZ SARSFIELD',58)
INSERT INTO BARRIOS(BARRIO,id_localidad) VALUES (' RESIDENCIAL VELEZ SARSFIELD',29)
INSERT INTO BARRIOS(BARRIO,id_localidad) VALUES (' PARQUE ATLANTICA',115)
INSERT INTO BARRIOS(BARRIO,id_localidad) VALUES (' SAN DANIEL',153)
INSERT INTO BARRIOS(BARRIO,id_localidad) VALUES (' JARDIN ESPINOSA',196)
INSERT INTO BARRIOS(BARRIO,id_localidad) VALUES (' JOCKEY CLUB',155)
INSERT INTO BARRIOS(BARRIO,id_localidad) VALUES (' AMPLIACION JARDIN ESPINOSA',133)
INSERT INTO BARRIOS(BARRIO,id_localidad) VALUES (' JARDINES DEL JOCKEY',69)
INSERT INTO BARRIOS(BARRIO,id_localidad) VALUES (' DR REMO M. COPELLO',173)
INSERT INTO BARRIOS(BARRIO,id_localidad) VALUES (' GENERAL BELGRANO',164)
INSERT INTO BARRIOS(BARRIO,id_localidad) VALUES (' PATRICIOS OESTE',2)
INSERT INTO BARRIOS(BARRIO,id_localidad) VALUES (' LAS CAÑITAS',156)
INSERT INTO BARRIOS(BARRIO,id_localidad) VALUES (' SIN DESIGNACION',33)
INSERT INTO BARRIOS(BARRIO,id_localidad) VALUES (' OÑA',82)
INSERT INTO BARRIOS(BARRIO,id_localidad) VALUES (' PARQUE SAN CARLOS',55)
INSERT INTO BARRIOS(BARRIO,id_localidad) VALUES (' MALDONADO',98)
INSERT INTO BARRIOS(BARRIO,id_localidad) VALUES (' COLONIA LOLA',56)
INSERT INTO BARRIOS(BARRIO,id_localidad) VALUES (' PARQUE DEL ESTE',152)
INSERT INTO BARRIOS(BARRIO,id_localidad) VALUES (' ANEXO LAS PALMAS',85)
INSERT INTO BARRIOS(BARRIO,id_localidad) VALUES (' VILLA ABALOS',192)
INSERT INTO BARRIOS(BARRIO,id_localidad) VALUES (' LOS GRANADOS',84)
INSERT INTO BARRIOS(BARRIO,id_localidad) VALUES (' RESIDENCIAL SAN ROQUE',194)
INSERT INTO BARRIOS(BARRIO,id_localidad) VALUES (' CONSORCIO ESPERANZA',144)
INSERT INTO BARRIOS(BARRIO,id_localidad) VALUES (' EL TREBOL',197)
INSERT INTO BARRIOS(BARRIO,id_localidad) VALUES (' CIUDAD DE LOS CUARTETOS',72)
INSERT INTO BARRIOS(BARRIO,id_localidad) VALUES (' LAS PLAYAS',10)
INSERT INTO BARRIOS(BARRIO,id_localidad) VALUES (' A.T. E.',157)
INSERT INTO BARRIOS(BARRIO,id_localidad) VALUES (' VILLA BELGRANO',28)
INSERT INTO BARRIOS(BARRIO,id_localidad) VALUES (' CERRO DE LAS ROSAS',160)
INSERT INTO BARRIOS(BARRIO,id_localidad) VALUES (' URCA',1)
INSERT INTO BARRIOS(BARRIO,id_localidad) VALUES (' ITUZAINGO II',178)
INSERT INTO BARRIOS(BARRIO,id_localidad) VALUES (' CIUDAD DE MIS SUEÑOS',37)
INSERT INTO BARRIOS(BARRIO,id_localidad) VALUES (' JUAN XXIII',152)
INSERT INTO BARRIOS(BARRIO,id_localidad) VALUES (' EL QUEBRACHAL',108)
INSERT INTO BARRIOS(BARRIO,id_localidad) VALUES (' COOPERATIVA LA UNIDAD',127)
INSERT INTO BARRIOS(BARRIO,id_localidad) VALUES (' VILLA BUSTOS',100)
INSERT INTO BARRIOS(BARRIO,id_localidad) VALUES (' PARQUE CAPITAL SUR',100)
INSERT INTO BARRIOS(BARRIO,id_localidad) VALUES (' LOURDES',141)
INSERT INTO BARRIOS(BARRIO,id_localidad) VALUES (' PARQUE DON BOSCO',179)
INSERT INTO BARRIOS(BARRIO,id_localidad) VALUES (' VILLA SIBURU',169)
INSERT INTO BARRIOS(BARRIO,id_localidad) VALUES (' AMPLIACION PALMAR',13)
INSERT INTO BARRIOS(BARRIO,id_localidad) VALUES (' 1º DE MAYO',132)
INSERT INTO BARRIOS(BARRIO,id_localidad) VALUES (' VILLA BUSTOS',56)
INSERT INTO BARRIOS(BARRIO,id_localidad) VALUES (' AMPLIACION 1º DE MAYO',36)
INSERT INTO BARRIOS(BARRIO,id_localidad) VALUES (' DEAN FUNES',41)
INSERT INTO BARRIOS(BARRIO,id_localidad) VALUES (' AMPLIACION LOS PLATANOS',82)
INSERT INTO BARRIOS(BARRIO,id_localidad) VALUES (' LAMADRID',89)
INSERT INTO BARRIOS(BARRIO,id_localidad) VALUES (' LOS JACARANDAES',76)
INSERT INTO BARRIOS(BARRIO,id_localidad) VALUES (' VILLA UNION',52)
INSERT INTO BARRIOS(BARRIO,id_localidad) VALUES (' VILLA ALBERTO',91)
INSERT INTO BARRIOS(BARRIO,id_localidad) VALUES (' BRIGADIER SAN MARTIN',110)
INSERT INTO BARRIOS(BARRIO,id_localidad) VALUES (' BETANIA',170)
INSERT INTO BARRIOS(BARRIO,id_localidad) VALUES (' MIRALTA',83)
INSERT INTO BARRIOS(BARRIO,id_localidad) VALUES (' CIUDAD EVITA',177)
INSERT INTO BARRIOS(BARRIO,id_localidad) VALUES (' PORTAL DE CORDOBA',57)
INSERT INTO BARRIOS(BARRIO,id_localidad) VALUES (' BOEDO',45)
INSERT INTO BARRIOS(BARRIO,id_localidad) VALUES (' INDUSTRIAL OESTE',87)
INSERT INTO BARRIOS(BARRIO,id_localidad) VALUES (' ARSENALES ANEXO',50)
INSERT INTO BARRIOS(BARRIO,id_localidad) VALUES (' VILLA DERNA',102)
INSERT INTO BARRIOS(BARRIO,id_localidad) VALUES (' VILLA ALBERTO ANEXO',67)
INSERT INTO BARRIOS(BARRIO,id_localidad) VALUES (' TTE. BENJAMIN MATIENZO',107)
INSERT INTO BARRIOS(BARRIO,id_localidad) VALUES (' URQUIZA',142)
INSERT INTO BARRIOS(BARRIO,id_localidad) VALUES (' COLON',103)
INSERT INTO BARRIOS(BARRIO,id_localidad) VALUES (' EL CABILDO',122)
INSERT INTO BARRIOS(BARRIO,id_localidad) VALUES (' SANTA ISABEL 2A SECCION',20)
INSERT INTO BARRIOS(BARRIO,id_localidad) VALUES (' VILLA EL LIBERTADOR',195)
INSERT INTO BARRIOS(BARRIO,id_localidad) VALUES (' CONGRESO',67)
INSERT INTO BARRIOS(BARRIO,id_localidad) VALUES (' LOS FRESNOS',149)
INSERT INTO BARRIOS(BARRIO,id_localidad) VALUES (' CHATEAU LOS ROBLES',152)
INSERT INTO BARRIOS(BARRIO,id_localidad) VALUES (' CHATEAU LOS ROBLES',130)
INSERT INTO BARRIOS(BARRIO,id_localidad) VALUES (' LA TOMA',121)
INSERT INTO BARRIOS(BARRIO,id_localidad) VALUES (' VILLA MAFEKIN',64)
INSERT INTO BARRIOS(BARRIO,id_localidad) VALUES (' ALTOS DE SANTA ANA',147)
INSERT INTO BARRIOS(BARRIO,id_localidad) VALUES (' EL PUEBLITO',166)
INSERT INTO BARRIOS(BARRIO,id_localidad) VALUES (' CHATEAU LOS ROBLES',50)
INSERT INTO BARRIOS(BARRIO,id_localidad) VALUES (' CHATEAU LOS ROBLES',10)
INSERT INTO BARRIOS(BARRIO,id_localidad) VALUES (' POETA LUGONES',172)
INSERT INTO BARRIOS(BARRIO,id_localidad) VALUES (' LAS DELICIAS',134)
INSERT INTO BARRIOS(BARRIO,id_localidad) VALUES (' VILLA ZEPPELIN',49)
INSERT INTO BARRIOS(BARRIO,id_localidad) VALUES (' AERONAUTICO',73)
INSERT INTO BARRIOS(BARRIO,id_localidad) VALUES (' BETANIA',198)
INSERT INTO BARRIOS(BARRIO,id_localidad) VALUES (' TALLERES (O)',6)
INSERT INTO BARRIOS(BARRIO,id_localidad) VALUES (' TALLERES (E)',12)
INSERT INTO BARRIOS(BARRIO,id_localidad) VALUES (' PANAMERICANO',67)
INSERT INTO BARRIOS(BARRIO,id_localidad) VALUES (' LA FRATERNIDAD',133)
INSERT INTO BARRIOS(BARRIO,id_localidad) VALUES (' RECREO DEL NORTE',101)
INSERT INTO BARRIOS(BARRIO,id_localidad) VALUES (' LOS GIGANTES',131)
INSERT INTO BARRIOS(BARRIO,id_localidad) VALUES (' VILLA AZALAIZ OESTE',121)
INSERT INTO BARRIOS(BARRIO,id_localidad) VALUES (' YOFRE SUD',138)
INSERT INTO BARRIOS(BARRIO,id_localidad) VALUES (' CENTRO AMERICA',9)
INSERT INTO BARRIOS(BARRIO,id_localidad) VALUES (' VILLA AZALAIZ',184)
INSERT INTO BARRIOS(BARRIO,id_localidad) VALUES (' AMPLIACION RESIDENCIAL AMERICA',165)
INSERT INTO BARRIOS(BARRIO,id_localidad) VALUES (' LOS ALAMOS',23)
INSERT INTO BARRIOS(BARRIO,id_localidad) VALUES (' GENERAL SAVIO',39)
INSERT INTO BARRIOS(BARRIO,id_localidad) VALUES (' QUINTA SANTA ANA',169)
INSERT INTO BARRIOS(BARRIO,id_localidad) VALUES (' ALBERDI',3)
INSERT INTO BARRIOS(BARRIO,id_localidad) VALUES (' YOFRE H',178)
INSERT INTO BARRIOS(BARRIO,id_localidad) VALUES (' YOFRE H',118)
INSERT INTO BARRIOS(BARRIO,id_localidad) VALUES (' PALMAR',37)
INSERT INTO BARRIOS(BARRIO,id_localidad) VALUES (' VILLA CLAUDINA',117)
INSERT INTO BARRIOS(BARRIO,id_localidad) VALUES (' CIUDADELA',73)
INSERT INTO BARRIOS(BARRIO,id_localidad) VALUES (' URITORCO',136)
INSERT INTO BARRIOS(BARRIO,id_localidad) VALUES (' LA RESERVA',13)
INSERT INTO BARRIOS(BARRIO,id_localidad) VALUES (' VASQUEZ',69)
INSERT INTO BARRIOS(BARRIO,id_localidad) VALUES (' VILLA ESQUIU',191)
INSERT INTO BARRIOS(BARRIO,id_localidad) VALUES (' ALEJANDRO CENTENO',107)
INSERT INTO BARRIOS(BARRIO,id_localidad) VALUES (' ALTO DE DON BOSCO',82)
INSERT INTO BARRIOS(BARRIO,id_localidad) VALUES (' ACHAVAL PEÑA',134)
INSERT INTO BARRIOS(BARRIO,id_localidad) VALUES (' BELLA VISTA',115)
INSERT INTO BARRIOS(BARRIO,id_localidad) VALUES (' LOS CIELOS',71)
INSERT INTO BARRIOS(BARRIO,id_localidad) VALUES (' LOS SOLES',176)
INSERT INTO BARRIOS(BARRIO,id_localidad) VALUES (' LOS SUEÑOS',157)
INSERT INTO BARRIOS(BARRIO,id_localidad) VALUES (' LOS ARBOLES',146)
INSERT INTO BARRIOS(BARRIO,id_localidad) VALUES (' COUNTRY ALTOS DEL CHATEAU',135)
INSERT INTO BARRIOS(BARRIO,id_localidad) VALUES (' AGENCIA CORDOBA SOLIDARIA',171)
INSERT INTO BARRIOS(BARRIO,id_localidad) VALUES (' PARQUE LICEO 3A SECCION',30)
INSERT INTO BARRIOS(BARRIO,id_localidad) VALUES (' PARQUE CAPITAL',135)
INSERT INTO BARRIOS(BARRIO,id_localidad) VALUES (' MARIANO BALCARCE',121)
INSERT INTO BARRIOS(BARRIO,id_localidad) VALUES (' VILLA SILVANO FUNES',74)
INSERT INTO BARRIOS(BARRIO,id_localidad) VALUES (' LAS FLORES',169)
INSERT INTO BARRIOS(BARRIO,id_localidad) VALUES (' HORIZONTE',186)
INSERT INTO BARRIOS(BARRIO,id_localidad) VALUES (' SAN FERNANDO',86)
INSERT INTO BARRIOS(BARRIO,id_localidad) VALUES (' IPONA',94)
INSERT INTO BARRIOS(BARRIO,id_localidad) VALUES (' LOS SAUCES',88)
INSERT INTO BARRIOS(BARRIO,id_localidad) VALUES (' NICOLAS AVELLANEDA',160)
INSERT INTO BARRIOS(BARRIO,id_localidad) VALUES (' RESIDENCIAL ARAGON',151)
INSERT INTO BARRIOS(BARRIO,id_localidad) VALUES (' QUINTAS DE SAN JORGE',55)
INSERT INTO BARRIOS(BARRIO,id_localidad) VALUES (' SAN SALVADOR',128)
INSERT INTO BARRIOS(BARRIO,id_localidad) VALUES (' DR RENE FAVALORO',197)
INSERT INTO BARRIOS(BARRIO,id_localidad) VALUES (' PUENTE BLANCO',74)
INSERT INTO BARRIOS(BARRIO,id_localidad) VALUES (' LAS DALIAS',60)
INSERT INTO BARRIOS(BARRIO,id_localidad) VALUES (' LAS PALMAS',20)
INSERT INTO BARRIOS(BARRIO,id_localidad) VALUES (' 25 DE MAYO',43)
INSERT INTO BARRIOS(BARRIO,id_localidad) VALUES (' VILLA RETIRO',131)
INSERT INTO BARRIOS(BARRIO,id_localidad) VALUES (' SAN VICENTE',65)
INSERT INTO BARRIOS(BARRIO,id_localidad) VALUES (' MIRADOR',136)
INSERT INTO BARRIOS(BARRIO,id_localidad) VALUES (' RESIDENCIAL SAN JORGE',137)
INSERT INTO BARRIOS(BARRIO,id_localidad) VALUES (' SANTA ISABEL 1A SECCION',28)
INSERT INTO BARRIOS(BARRIO,id_localidad) VALUES (' RESIDENCIAL SUD',78)
INSERT INTO BARRIOS(BARRIO,id_localidad) VALUES (' LA FRANCE',106)
INSERT INTO BARRIOS(BARRIO,id_localidad) VALUES (' LAS MAGNOLIAS',69)
INSERT INTO BARRIOS(BARRIO,id_localidad) VALUES (' JOSE HERNANDEZ',99)
INSERT INTO BARRIOS(BARRIO,id_localidad) VALUES (' COUNTRY COSTA VERDE',25)
INSERT INTO BARRIOS(BARRIO,id_localidad) VALUES (' PARQUE CHATEAU CARRERAS',150)
INSERT INTO BARRIOS(BARRIO,id_localidad) VALUES (' CHATEAU CARRERAS',27)
INSERT INTO BARRIOS(BARRIO,id_localidad) VALUES (' VILLA CLARET',196)
INSERT INTO BARRIOS(BARRIO,id_localidad) VALUES (' ITUZAINGO',144)
INSERT INTO BARRIOS(BARRIO,id_localidad) VALUES (' ITUZAINGO II',65)
INSERT INTO BARRIOS(BARRIO,id_localidad) VALUES (' PATRICIOS NORTE',37)
INSERT INTO BARRIOS(BARRIO,id_localidad) VALUES (' PATRICIOS ESTE',5)
INSERT INTO BARRIOS(BARRIO,id_localidad) VALUES (' AMPLIACION GENERAL ARTIGAS',152)
INSERT INTO BARRIOS(BARRIO,id_localidad) VALUES (' EL QUEBRACHO',2)
INSERT INTO BARRIOS(BARRIO,id_localidad) VALUES (' LA FLORESTA',166)
INSERT INTO BARRIOS(BARRIO,id_localidad) VALUES (' VILLA AVALOS',83)
INSERT INTO BARRIOS(BARRIO,id_localidad) VALUES (' LAS VIOLETAS',17)
INSERT INTO BARRIOS(BARRIO,id_localidad) VALUES (' LOS FILTROS',186)
INSERT INTO BARRIOS(BARRIO,id_localidad) VALUES (' VILLA WARCALDE',99)
INSERT INTO BARRIOS(BARRIO,id_localidad) VALUES (' CO.VI.CO.',94)
INSERT INTO BARRIOS(BARRIO,id_localidad) VALUES (' MIRADOR DEL CHATEAU',15)
INSERT INTO BARRIOS(BARRIO,id_localidad) VALUES (' CHATEAU CARRERAS',99)
INSERT INTO BARRIOS(BARRIO,id_localidad) VALUES (' HOGAR PROPIO',24)
INSERT INTO BARRIOS(BARRIO,id_localidad) VALUES (' GENERAL PUEYRREDON',136)
INSERT INTO BARRIOS(BARRIO,id_localidad) VALUES (' QUEBRADA DE LAS ROSAS',103)
INSERT INTO BARRIOS(BARRIO,id_localidad) VALUES (' LOS ROBLES',97)
INSERT INTO BARRIOS(BARRIO,id_localidad) VALUES (' AMPLIACION SAN PABLO',25)
INSERT INTO BARRIOS(BARRIO,id_localidad) VALUES (' SAN FELIPE',79)
INSERT INTO BARRIOS(BARRIO,id_localidad) VALUES (' RENE FAVALORO SUD',145)
INSERT INTO BARRIOS(BARRIO,id_localidad) VALUES (' RAMON J. CARCANO',114)
INSERT INTO BARRIOS(BARRIO,id_localidad) VALUES (' SAN FELIPE',128)
INSERT INTO BARRIOS(BARRIO,id_localidad) VALUES (' RAMON J CARCANO',120)
INSERT INTO BARRIOS(BARRIO,id_localidad) VALUES (' EL BOSQUE',85)
INSERT INTO BARRIOS(BARRIO,id_localidad) VALUES (' COUNTRY LOMAS DE LA CAROLINA',171)
INSERT INTO BARRIOS(BARRIO,id_localidad) VALUES (' ROCIO DEL SUR',67)
INSERT INTO BARRIOS(BARRIO,id_localidad) VALUES (' SAN RAFAEL',148)
INSERT INTO BARRIOS(BARRIO,id_localidad) VALUES (' AVENIDA',102)
INSERT INTO BARRIOS(BARRIO,id_localidad) VALUES (' VILLA QUISQUIZACATE',108)
INSERT INTO BARRIOS(BARRIO,id_localidad) VALUES (' JOSE IGNACION DIAZ 3',149)
INSERT INTO BARRIOS(BARRIO,id_localidad) VALUES (' JOSE IGNACIO DIAZ 3A SECCION',41)
INSERT INTO BARRIOS(BARRIO,id_localidad) VALUES (' 23 DE ABRIL',81)
INSERT INTO BARRIOS(BARRIO,id_localidad) VALUES (' CARBO',159)
INSERT INTO BARRIOS(BARRIO,id_localidad) VALUES (' VILLA EL LIBERTADOR',84)
INSERT INTO BARRIOS(BARRIO,id_localidad) VALUES (' SANTA ROSA RESIDENCIAL',34)
INSERT INTO BARRIOS(BARRIO,id_localidad) VALUES (' MIRIZI',85)
INSERT INTO BARRIOS(BARRIO,id_localidad) VALUES (' SAN MARTIN',185)
INSERT INTO BARRIOS(BARRIO,id_localidad) VALUES (' AMPLIACION LAS PALMAS',133)
INSERT INTO BARRIOS(BARRIO,id_localidad) VALUES (' RIVERA INDARTE',58)
INSERT INTO BARRIOS(BARRIO,id_localidad) VALUES (' GUARNICION MILITAR CBA',43)
INSERT INTO BARRIOS(BARRIO,id_localidad) VALUES (' COUNTRY LAS DELICIAS',162)
INSERT INTO BARRIOS(BARRIO,id_localidad) VALUES (' PROVIDENCIA',90)
INSERT INTO BARRIOS(BARRIO,id_localidad) VALUES (' INAUDI',11)
INSERT INTO BARRIOS(BARRIO,id_localidad) VALUES (' POSTA DE VARGAS',154)
INSERT INTO BARRIOS(BARRIO,id_localidad) VALUES (' BIALET MASSE',84)
INSERT INTO BARRIOS(BARRIO,id_localidad) VALUES (' JARDIN DEL SUD',65)
INSERT INTO BARRIOS(BARRIO,id_localidad) VALUES (' SAN IGNACIO',56)
INSERT INTO BARRIOS(BARRIO,id_localidad) VALUES (' QUEBRADA DE LAS ROSAS',164)
INSERT INTO BARRIOS(BARRIO,id_localidad) VALUES (' EL VIEJO ALGARROBO',188)
INSERT INTO BARRIOS(BARRIO,id_localidad) VALUES (' VILLA RIVERA INDARTE',28)
INSERT INTO BARRIOS(BARRIO,id_localidad) VALUES (' VILLA SALDAN',184)
INSERT INTO BARRIOS(BARRIO,id_localidad) VALUES (' AMPLIACION POETA LUGONES',41)
INSERT INTO BARRIOS(BARRIO,id_localidad) VALUES (' NUEVA CORDOBA ANEXA',52)
INSERT INTO BARRIOS(BARRIO,id_localidad) VALUES (' MAIPU 1A SECCION',3)
INSERT INTO BARRIOS(BARRIO,id_localidad) VALUES (' GENERAL PAZ',200)
INSERT INTO BARRIOS(BARRIO,id_localidad) VALUES (' BAJO GENERAL PAZ',72)
INSERT INTO BARRIOS(BARRIO,id_localidad) VALUES (' JUNIORS',55)
INSERT INTO BARRIOS(BARRIO,id_localidad) VALUES (' CERRO NORTE',26)
INSERT INTO BARRIOS(BARRIO,id_localidad) VALUES (' ARGUELLO NORTE',74)
INSERT INTO BARRIOS(BARRIO,id_localidad) VALUES (' VILLA 9 DE JULIO',71)
INSERT INTO BARRIOS(BARRIO,id_localidad) VALUES (' PARQUE REPUBLICA',185)
INSERT INTO BARRIOS(BARRIO,id_localidad) VALUES (' VILLA MARTINEZ',196)
INSERT INTO BARRIOS(BARRIO,id_localidad) VALUES (' AMPLIACION SAN FERNANDO',138)
INSERT INTO BARRIOS(BARRIO,id_localidad) VALUES (' VILLA SAN ISIDRO',77)
INSERT INTO BARRIOS(BARRIO,id_localidad) VALUES (' RESIDENCIAL AMERICA',21)
INSERT INTO BARRIOS(BARRIO,id_localidad) VALUES (' AYACUCHO',187)
INSERT INTO BARRIOS(BARRIO,id_localidad) VALUES (' ALTAMIRA',172)
INSERT INTO BARRIOS(BARRIO,id_localidad) VALUES (' MAIPU 2A SECCION',40)
INSERT INTO BARRIOS(BARRIO,id_localidad) VALUES (' SARMIENTO',158)
INSERT INTO BARRIOS(BARRIO,id_localidad) VALUES (' MARIANO FRAGUEIRO',22)
INSERT INTO BARRIOS(BARRIO,id_localidad) VALUES (' AMPLIACION PANAMERICANO',23)
INSERT INTO BARRIOS(BARRIO,id_localidad) VALUES (' YOFRE NORTE',164)
INSERT INTO BARRIOS(BARRIO,id_localidad) VALUES (' SANTA CLARA DE ASIS',88)
INSERT INTO BARRIOS(BARRIO,id_localidad) VALUES (' PADRE CLARET',27)
INSERT INTO BARRIOS(BARRIO,id_localidad) VALUES (' LOS ANGELES',145)
INSERT INTO BARRIOS(BARRIO,id_localidad) VALUES (' CAMINO A VILLA POSE',70)
INSERT INTO BARRIOS(BARRIO,id_localidad) VALUES (' SACCHI',8)
INSERT INTO BARRIOS(BARRIO,id_localidad) VALUES (' VILLA CORONEL OLMEDO',133)
INSERT INTO BARRIOS(BARRIO,id_localidad) VALUES (' FERREYRA',40)
INSERT INTO BARRIOS(BARRIO,id_localidad) VALUES (' LAS CAÑUELAS',172)
INSERT INTO BARRIOS(BARRIO,id_localidad) VALUES (' PIEDRAS BLANCAS',43)
INSERT INTO BARRIOS(BARRIO,id_localidad) VALUES (' QUINTAS DE FLORES',29)
INSERT INTO BARRIOS(BARRIO,id_localidad) VALUES (' EL BALCON',33)
INSERT INTO BARRIOS(BARRIO,id_localidad) VALUES (' EL ROCIO Y LAS CIGARRAS',66)
INSERT INTO BARRIOS(BARRIO,id_localidad) VALUES (' CAMINO A 60 CUADRAS',145)
INSERT INTO BARRIOS(BARRIO,id_localidad) VALUES (' FINCAS DEL SUR',74)
INSERT INTO BARRIOS(BARRIO,id_localidad) VALUES (' GUEMES',156)
INSERT INTO BARRIOS(BARRIO,id_localidad) VALUES (' COMERCIAL',144)
INSERT INTO BARRIOS(BARRIO,id_localidad) VALUES (' TRANVIARIOS',179)
INSERT INTO BARRIOS(BARRIO,id_localidad) VALUES (' ALTO ALBERDI',81)
INSERT INTO BARRIOS(BARRIO,id_localidad) VALUES (' VILLA SAN CARLOS',11)
INSERT INTO BARRIOS(BARRIO,id_localidad) VALUES (' COUNTRY JOCKEY CLUB',138)
INSERT INTO BARRIOS(BARRIO,id_localidad) VALUES (' MALDONADO',92)
INSERT INTO BARRIOS(BARRIO,id_localidad) VALUES (' MAULLER',129)
INSERT INTO BARRIOS(BARRIO,id_localidad) VALUES (' SAN PABLO',5)
INSERT INTO BARRIOS(BARRIO,id_localidad) VALUES (' RESIDENCIAL SAN CARLOS',152)
INSERT INTO BARRIOS(BARRIO,id_localidad) VALUES (' EL REFUGIO',126)
INSERT INTO BARRIOS(BARRIO,id_localidad) VALUES (' LA SALLE',35)
INSERT INTO BARRIOS(BARRIO,id_localidad) VALUES (' CRISOL SUD',147)
INSERT INTO BARRIOS(BARRIO,id_localidad) VALUES (' CABAÑA DEL PILAR',59)
INSERT INTO BARRIOS(BARRIO,id_localidad) VALUES (' JARDIN',89)
INSERT INTO BARRIOS(BARRIO,id_localidad) VALUES (' VILLA REVOL ANEXO',100)
INSERT INTO BARRIOS(BARRIO,id_localidad) VALUES (' VILLA REVOL',11)
INSERT INTO BARRIOS(BARRIO,id_localidad) VALUES (' VILLA GENERAL URQUIZA',199)
INSERT INTO BARRIOS(BARRIO,id_localidad) VALUES (' TEODORO FELS',24)
INSERT INTO BARRIOS(BARRIO,id_localidad) VALUES (' JOSE IGNACIO RUCCI',198)
INSERT INTO BARRIOS(BARRIO,id_localidad) VALUES (' VILLA GRAN PARQUE',182)
INSERT INTO BARRIOS(BARRIO,id_localidad) VALUES (' LICEO GENERAL PAZ',73)
INSERT INTO BARRIOS(BARRIO,id_localidad) VALUES (' LICEO GENERAL PAZ',43)
INSERT INTO BARRIOS(BARRIO,id_localidad) VALUES (' MARIA LASTENIA',1)
INSERT INTO BARRIOS(BARRIO,id_localidad) VALUES (' MUTUAL DE LOS DOCENTES',193)
INSERT INTO BARRIOS(BARRIO,id_localidad) VALUES (' SMATA',198)
INSERT INTO BARRIOS(BARRIO,id_localidad) VALUES (' VILLA CENTENARIO',65)
INSERT INTO BARRIOS(BARRIO,id_localidad) VALUES (' SAN MARCELO',164)
INSERT INTO BARRIOS(BARRIO,id_localidad) VALUES (' PARQUE LATINO',36)
INSERT INTO BARRIOS(BARRIO,id_localidad) VALUES (' AMPLIACION VELEZ SARSFIELD',173)
INSERT INTO BARRIOS(BARRIO,id_localidad) VALUES (' LOS OLMOS',147)
INSERT INTO BARRIOS(BARRIO,id_localidad) VALUES (' ALTA CORDOBA',129)
INSERT INTO BARRIOS(BARRIO,id_localidad) VALUES (' DUCASSE',185)
INSERT INTO BARRIOS(BARRIO,id_localidad) VALUES (' GUIÑAZU',91)
INSERT INTO BARRIOS(BARRIO,id_localidad) VALUES (' VILLA ALICIA RISLER',137)
INSERT INTO BARRIOS(BARRIO,id_localidad) VALUES (' LA CAROLINA',65)
INSERT INTO BARRIOS(BARRIO,id_localidad) VALUES (' VALLE ESCONDIDO',143)
INSERT INTO BARRIOS(BARRIO,id_localidad) VALUES (' QUINTAS DE ITALIA',100)
INSERT INTO BARRIOS(BARRIO,id_localidad) VALUES (' CAMINO A SAN CARLOS',26)
INSERT INTO BARRIOS(BARRIO,id_localidad) VALUES (' GRANJA DE FUNES',49)
INSERT INTO BARRIOS(BARRIO,id_localidad) VALUES (' LOS BOULEVARES',113)
INSERT INTO BARRIOS(BARRIO,id_localidad) VALUES (' ESTACION FLORES',178)
INSERT INTO BARRIOS(BARRIO,id_localidad) VALUES (' AMPLIACION BENJAMIN MATIENZO',16)
INSERT INTO BARRIOS(BARRIO,id_localidad) VALUES (' TEJAS DEL SUR',24)
INSERT INTO BARRIOS(BARRIO,id_localidad) VALUES (' AMPLIACION KENNEDY',53)
INSERT INTO BARRIOS(BARRIO,id_localidad) VALUES (' KENNEDY',82)
INSERT INTO BARRIOS(BARRIO,id_localidad) VALUES (' JARDIN HIPODROMO',21)
INSERT INTO BARRIOS(BARRIO,id_localidad) VALUES (' ACOSTA',124)
INSERT INTO BARRIOS(BARRIO,id_localidad) VALUES (' COLONIA LOLA',161)
INSERT INTO BARRIOS(BARRIO,id_localidad) VALUES (' SAN JOSE',1)
INSERT INTO BARRIOS(BARRIO,id_localidad) VALUES (' PORTAL DEL JACARANDA',105)
INSERT INTO BARRIOS(BARRIO,id_localidad) VALUES (' ARGUELLO',11)
INSERT INTO BARRIOS(BARRIO,id_localidad) VALUES (' SAN RAMON',184)
INSERT INTO BARRIOS(BARRIO,id_localidad) VALUES (' ITUZAINGO ANEXO',96)
INSERT INTO BARRIOS(BARRIO,id_localidad) VALUES (' ITUZAINGO ANEXO',2)
INSERT INTO BARRIOS(BARRIO,id_localidad) VALUES (' VILLA EUCARISTICA',107)
INSERT INTO BARRIOS(BARRIO,id_localidad) VALUES (' BAJO PALERMO',103)
INSERT INTO BARRIOS(BARRIO,id_localidad) VALUES (' ESCOBAR',124)

------------------------CLIENTES----------------------------------------------------

--TIPOS CLIENTES
insert into TIPOS_CLIENTES (id_tipo_cliente, descripcion) values (1,'Consumidos final')		--1
insert into TIPOS_CLIENTES (id_tipo_cliente,descripcion) values (2,'Empresa')					--2
insert into TIPOS_CLIENTES (id_tipo_cliente,descripcion) values (3,'Concesionaria')			--3
insert into TIPOS_CLIENTES (id_tipo_cliente,descripcion) values (4,'Vendedora de autopartes')	--4

--TIPOS IDENTIFICACION
insert into TIPO_IDENTIFICACION (id_tipo_identificacion, Identificacion) values (1,'DNI')		--1
insert into TIPO_IDENTIFICACION (id_tipo_identificacion,Identificacion) values (2,'CUIT')	--2
insert into TIPO_IDENTIFICACION (id_tipo_identificacion,Identificacion) values (3,'PASAPORTE') --3
insert into TIPO_IDENTIFICACION (id_tipo_identificacion,Identificacion) values (4,'CUIL') --4

--CLIENTES

-- CONSUMIDORES FINALES
insert into CLIENTES (nombre, apellido, doc, id_tipo_identificacion, id_tipo_cliente,email,telefono,calle,altura,id_barrio) values ('Rodrigo', 'Sanchez',414399, 1,1,'rodri.sanchez1998@gmail.com',3515205101,'Aguas Sacha',9559,NULL);
Insert into Clientes (nombre, apellido, doc, id_tipo_identificacion,id_tipo_cliente,email,telefono,calle,altura,id_barrio) values ('MARIA EUGENIA' ,'TORRES'  ,36139514,1,1,'meutorres91@gmail.com',3513050002,'TRISTAN MALBRÁN',4577,1)													
Insert into Clientes (nombre, apellido, doc, id_tipo_identificacion,id_tipo_cliente,email,telefono,calle,altura,id_barrio) values ('FACUNDO'  ,'MARCHETTI' ,40070786,1,1,'facundomarchetti60@gmail.com',3512378457,'MANZANA 2',16,1)													
Insert into Clientes (nombre, apellido, doc, id_tipo_identificacion,id_tipo_cliente,email,telefono,calle,altura,id_barrio) values ('LUCAS DAVID','GUALLANES',41520983,1,1,'guallanes@outlook.com', 3517601458,'VERANIA',1139,3	)												
Insert into Clientes (nombre, apellido, doc, id_tipo_identificacion,id_tipo_cliente,email,telefono,calle,altura,id_barrio) values ('JUAN MANUEL' ,'ORTEGA' ,40070787,1,1,'ortegahuan89@gmail.com',3516324035,'EL CHACO',759,4	)												
Insert into Clientes (nombre, apellido, doc, id_tipo_identificacion,id_tipo_cliente,email,telefono,calle,altura,id_barrio) values ('GABRIEL JOSÉ' ,'VIOTTI' ,41520984,1,1,'gabrielviotti013@gmail.com',3517069865,'SARGENTO CABRAL',266,5)													
Insert into Clientes (nombre, apellido, doc, id_tipo_identificacion,id_tipo_cliente,email,telefono,calle,altura,id_barrio) values ('ARACELI NATALÍ' ,'VILLA' ,40070788,1,1,'aracelinvilla@gmail.com',3515520722,'CABANA',3385,5	)												
Insert into Clientes (nombre, apellido, doc, id_tipo_identificacion,id_tipo_cliente,email,telefono,calle,altura,id_barrio) values ('LIZARRAGA RODRIGO' ,'GOMEZ' ,41520985,1,1,'rodrigl363@gmail.com',3547655436,'JUAN IGNACIO MADARIAGA',6757,7)													
Insert into Clientes (nombre, apellido, doc, id_tipo_identificacion,id_tipo_cliente,email,telefono,calle,altura,id_barrio) values ('FABIANA DANIELA','QUINTANA' ,40070789,1,1,'fabis_721@hotmail.com',3512067183,'SAN LORENZO' ,336,7	)												
Insert into Clientes (nombre, apellido, doc, id_tipo_identificacion,id_tipo_cliente,email,telefono,calle,altura,id_barrio) values ('SERGIO ABSALON' ,'ARREDONDO' ,39473685,1,1,'arredondoabsalon18@gmail.com',2974099462,'LEOPOLDO CARO',1369,2	)												
Insert into Clientes (nombre, apellido, doc, id_tipo_identificacion,id_tipo_cliente,email,telefono,calle,altura,id_barrio) values ('JEREMÍAS ISMAEL' ,'VUCADINOVICH' ,33474807,1,1,'jere93.cba@hotmail.com',3513205733,'ALTAUTINA',2773,2)													
Insert into Clientes (nombre, apellido, doc, id_tipo_identificacion,id_tipo_cliente,email,telefono,calle,altura,id_barrio) values ('KAREN JACQUELINE' ,'BLANCO CENA',40400940,1,1,'karencenablanco@gmail.com',351-2054329,'ACOSTA',1567,3)													
Insert into Clientes (nombre, apellido, doc, id_tipo_identificacion,id_tipo_cliente,email,telefono,calle,altura,id_barrio) values ('LORENA PAOLA' ,'OLMOS' ,37853817,1,1,'pirata_lorena@hotmail.com',3515221318,'VILLA CIUDAD AMERICA MAN',23,5)													
Insert into Clientes (nombre, apellido, doc, id_tipo_identificacion,id_tipo_cliente,email,telefono,calle,altura,id_barrio) values ('ANGEL EMANUEL' ,'LEDESMA' ,38180130,1,1,'emaledesma@live.com',3513909773,'TAHUANTISUYO',7363,1	)												
Insert into Clientes (nombre, apellido, doc, id_tipo_identificacion,id_tipo_cliente,email,telefono,calle,altura,id_barrio) values ('MELINA AYELEN' ,'REARTES' ,29203875,1,1,'melireartes115@gmail.com',3512696536,'RICARDO BALBÍN',1423,2	)												
Insert into Clientes (nombre, apellido, doc, id_tipo_identificacion,id_tipo_cliente,email,telefono,calle,altura,id_barrio) values ('ELIZABETH DEL VALLE','GAZZONI' ,37821566,1,1,'eli_gazzoni@hotmail.com',3547612424,'INTENDENTE JOSE BIANCO',61,5	)												
Insert into Clientes (nombre, apellido, doc, id_tipo_identificacion,id_tipo_cliente,email,telefono,calle,altura,id_barrio) values ('CLAUDIO NELSON HERNAN','DOMINGUEZ' ,39734523,1,1,'domingueznelson@hotmail.com',3513117034,'AV COLÓN',1602,8	)												
Insert into Clientes (nombre, apellido, doc, id_tipo_identificacion,id_tipo_cliente,email,telefono,calle,altura,id_barrio) values ('FERNANDO CESAR' ,'ORELLANO' ,37434927,1,1,'fer-orellano@hotmail.com',3513199733,'NAVARRA',2168,9)													
Insert into Clientes (nombre, apellido, doc, id_tipo_identificacion,id_tipo_cliente,email,telefono,calle,altura,id_barrio) values ('FLORENCIA ANDREA' ,'CUNEO' ,35676425,1,1,'florcuneo7@gmail.com',3517675900,'SUCRE',2231,8	)												
Insert into Clientes (nombre, apellido, doc, id_tipo_identificacion,id_tipo_cliente,email,telefono,calle,altura,id_barrio) values ('MARCOS FABIAN' ,'PATERNOSTER' ,22163047,1,1,'marcosfpaternoster@gmail.com',3516797677,'CHARACATO',5253,9	)												
Insert into Clientes (nombre, apellido, doc, id_tipo_identificacion,id_tipo_cliente,email,telefono,calle,altura,id_barrio) values ('LUCAS FERNANDO' ,'STRELUK' ,36506288,1,1,'lucas_fer_streluk@hotmail.com',3516202447,'YAMANAS',7629,10)													
Insert into Clientes (nombre, apellido, doc, id_tipo_identificacion,id_tipo_cliente,email,telefono,calle,altura,id_barrio) values ('VICTOR EZEQUIEL' ,'GONZALEZ' ,38411350,1,1,'gonzalez.victor@gmail.com',3512527681,'PASAJE PUBLICO',33,12	)												
Insert into Clientes (nombre, apellido, doc, id_tipo_identificacion,id_tipo_cliente,email,telefono,calle,altura,id_barrio) values ('LORENZO'  ,'MICHELETTI' ,38178611,1,1,'lorenzomichiletti97@gmail.com',3575486188,'RIVADAVIA' ,67,12	)												
Insert into Clientes (nombre, apellido, doc, id_tipo_identificacion,id_tipo_cliente,email,telefono,calle,altura,id_barrio) values ('LUCIANO EXEQUIEL' ,'FANTINI' ,41484923,1,1,'lucianofantini@hotmail.com',3512064754,'HERNANDO DE MAGALLANES',3750,1	)												
Insert into Clientes (nombre, apellido, doc, id_tipo_identificacion,id_tipo_cliente,email,telefono,calle,altura,id_barrio) values ('RICARDO ALBERTO' ,'ZURRIAN' ,34958545,1,1,'zurrian17@gmail.com',3512199374,'QUIROGA SARMIENTO',4350,2	)	



--CLIENTE EMPRESA, CONCESIONARIO, REVENDEDOR
Insert into Clientes (nombre,doc, id_tipo_identificacion,id_tipo_cliente,email,telefono,calle,altura,id_barrio) values ('La Vencedora SRL',30500120882,2,2,'vencedora@gmail.com',NULL,'Virgilio Moyano',523,1)
Insert into Clientes (nombre,doc, id_tipo_identificacion,id_tipo_cliente,email,telefono,calle,altura,id_barrio) values ('Asociación de Cooperativas Arg',30680830696,2,2,'',3513050003,'Av. 24 de Septiembre',241,8)
Insert into Clientes (nombre,doc, id_tipo_identificacion,id_tipo_cliente,email,telefono,calle,altura,id_barrio) values ('Bunge Argentina',30529377270,2,2,'bungesa@hotmail.com',3543322033,'Los sauces',1592,3)
Insert into Clientes (nombre,doc, id_tipo_identificacion,id_tipo_cliente,email,telefono,calle,altura,id_barrio) values ('Cotagro SRL',20131362855,2,4,'cotagrosa@hotmail.com',3514254461,'NULL',NULL,7)
Insert into Clientes (nombre,doc, id_tipo_identificacion,id_tipo_cliente,email,telefono,calle,altura,id_barrio) values ('Trimgas SRL',33543617119,2,3,'trimgassa@hotmail.com',3514254467,'Calle Publica',NULL,5)
Insert into Clientes (nombre,doc, id_tipo_identificacion,id_tipo_cliente,email,telefono,calle,altura,id_barrio) values ('Automotores SA',30511534492,2,3,'automotoressa@hotmail.com',3514258761,'Av. Colon',982,10)
Insert into Clientes (nombre,doc, id_tipo_identificacion,id_tipo_cliente,email,telefono,calle,altura,id_barrio) values ('Rodados SRL',30708352760,2,4,'rodadossa@hotmail.com',3513049959,'Luna y Cardenas',1820,7)
Insert into Clientes (nombre,doc, id_tipo_identificacion,id_tipo_cliente,email,telefono,calle,altura,id_barrio) values ('Cooperativa de Almafuerte',30533553555,2,4,'cooperativasa@hotmail.com',3513928023,'Av Fuerza Aerea ',359,12)

--VENDEDORES

insert into VENDEDORES (nombre, apellido, id_barrio, calle, altura, id_tipo_identificacion, doc, telefono) values ('FRANCISCO GABRIEL','TALER ',1,'CHACHAPOYAS',2493,1,39691985,3512102520)
insert into VENDEDORES (nombre, apellido, id_barrio, calle, altura, id_tipo_identificacion, doc, telefono) values ('VIRGINIA ','GARCIA RAMELLO',3,'ROQUE SAENZ PEÑA',305,1,36714921,3516337198)
insert into VENDEDORES (nombre, apellido, id_barrio, calle, altura, id_tipo_identificacion, doc, telefono) values ('CINTIA MACARENA','LEON ',2,'PUBLICA 4 MANZANA 33 ',14,1,38106703,3515993094)
insert into VENDEDORES (nombre, apellido, id_barrio, calle, altura, id_tipo_identificacion, doc, telefono) values ('LAUTARO ','OVIEDO ',5,'ENTRE RIOS',967,1,37524326,353154143618)
insert into VENDEDORES (nombre, apellido, id_barrio, calle, altura, id_tipo_identificacion, doc, telefono) values ('MARIA FERNANDA','PEREZ VARELA',6,'GENERAL PAZ',2177,1,35573723,3513205288)
insert into VENDEDORES (nombre, apellido, id_barrio, calle, altura, id_tipo_identificacion, doc, telefono) values ('MARIA ROSA','PAREDES ',8,'MARIANO MORENO',419,1,37910573,3515224242)
insert into VENDEDORES (nombre, apellido, id_barrio, calle, altura, id_tipo_identificacion, doc, telefono) values ('MATIAS EZEQUIEL','CERQUETELLA ',3,'RIVADAVIA',840,1,39968575,3571526981)
insert into VENDEDORES (nombre, apellido, id_barrio, calle, altura, id_tipo_identificacion, doc, telefono) values ('FACUNDO TICIANO','BENTATTI ',4,'LUNA Y CARDENAS',3680,1,42026577,3571460292)
insert into VENDEDORES (nombre, apellido, id_barrio, calle, altura, id_tipo_identificacion, doc, telefono) values ('SERAFIN ','PLOMER ',6,'AV. 11 DE SEPTIEMBRE KM 10',NULL,1,42641050,3515591036)
insert into VENDEDORES (nombre, apellido, id_barrio, calle, altura, id_tipo_identificacion, doc, telefono) values ('YOHANA ','PLACERES ',1,'MURCIA',2175,1,43273718,3516374493)



--AUTOPLANES


---------------------PRODUCTOS------------------------------
--TIPOS PRODUCTOS
INSERT INTO TIPOS_PRODUCTOS (descripcion) VALUES ('Autoparte')	--1
INSERT INTO TIPOS_PRODUCTOS (descripcion) VALUES ('Automovil')	--2

--COLORES
INSERT INTO COLORES (id_color, descripcion) VALUES (1,'Rojo')		--1
INSERT INTO COLORES (id_color, descripcion) VALUES (2,'Verde')		--2
INSERT INTO COLORES (id_color, descripcion) VALUES (3,'Amarillo')	--3
INSERT INTO COLORES (id_color, descripcion) VALUES (4,'Negro')		--4
INSERT INTO COLORES (id_color, descripcion) VALUES (5,'Gris')		--5
INSERT INTO COLORES (id_color, descripcion) VALUES (6,'Blanco')		--6

--RUBROS
INSERT INTO RUBROS(descripcion) VALUES ('VOLKSWAGEN')		--1
INSERT INTO RUBROS(descripcion) VALUES ('FIAT') --2

--MATERIALES
INSERT INTO MATERIALES(descripcion) VALUES ('Plastico') --1
INSERT INTO MATERIALES(descripcion) VALUES ('Acero') --2
INSERT INTO MATERIALES(descripcion) VALUES ('Aluminio') --3
INSERT INTO MATERIALES(descripcion) VALUES ('Liquido') --4

--PRODUCTOS
INSERT INTO productos(descripcion, id_tipo_producto, id_rubro, id_color, stock, stock_minimo, precio_venta, precio_mayo) values ('UNO WAY',2,2,1,NULL,NULL,1407517,1196389.45)
INSERT INTO productos(descripcion, id_tipo_producto, id_rubro, id_color, stock, stock_minimo, precio_venta, precio_mayo) values ('CRONOS',2,2,2,NULL,NULL,1505283,1279490.55)
INSERT INTO productos(descripcion, id_tipo_producto, id_rubro, id_color, stock, stock_minimo, precio_venta, precio_mayo) values ('500 ABARTH',2,2,3,NULL,NULL,1755088,1491824.8)
INSERT INTO productos(descripcion, id_tipo_producto, id_rubro, id_color, stock, stock_minimo, precio_venta, precio_mayo) values ('500',2,2,4,NULL,NULL,1047621,890477.85)
INSERT INTO productos(descripcion, id_tipo_producto, id_rubro, id_color, stock, stock_minimo, precio_venta, precio_mayo) values ('500X',2,2,5,NULL,NULL,1155522,982193.7)
INSERT INTO productos(descripcion, id_tipo_producto, id_rubro, id_color, stock, stock_minimo, precio_venta, precio_mayo) values ('MOBI',2,2,6,NULL,NULL,1015041,862784.85)
INSERT INTO productos(descripcion, id_tipo_producto, id_rubro, id_color, stock, stock_minimo, precio_venta, precio_mayo) values ('FIORINO',2,2,5,NULL,NULL,1112782,945864.7)
INSERT INTO productos(descripcion, id_tipo_producto, id_rubro, id_color, stock, stock_minimo, precio_venta, precio_mayo) values ('TORO',2,2,4,NULL,NULL,1239261,1053371.85)
INSERT INTO productos(descripcion, id_tipo_producto, id_rubro, id_color, stock, stock_minimo, precio_venta, precio_mayo) values ('STRADA',2,2,3,NULL,NULL,1681889,1429605.65)
INSERT INTO productos(descripcion, id_tipo_producto, id_rubro, id_color, stock, stock_minimo, precio_venta, precio_mayo) values ('DUCATO',2,2,2,NULL,NULL,975586,829248.1)
INSERT INTO productos(descripcion, id_tipo_producto, id_rubro, id_color, stock, stock_minimo, precio_venta, precio_mayo) values ('ARGO',2,2,1,NULL,NULL,1441240,1225054)
INSERT INTO productos(descripcion, id_tipo_producto, id_rubro, id_color, stock, stock_minimo, precio_venta, precio_mayo) values ('GOLD',2,1,1,NULL,NULL,1302504,1107128.4)
INSERT INTO productos(descripcion, id_tipo_producto, id_rubro, id_color, stock, stock_minimo, precio_venta, precio_mayo) values ('VOYAGE',2,1,2,NULL,NULL,1377801,1171130.85)
INSERT INTO productos(descripcion, id_tipo_producto, id_rubro, id_color, stock, stock_minimo, precio_venta, precio_mayo) values ('T-CROSS',2,1,3,NULL,NULL,1684635,1431939.75)
INSERT INTO productos(descripcion, id_tipo_producto, id_rubro, id_color, stock, stock_minimo, precio_venta, precio_mayo) values ('UP!',2,1,4,NULL,NULL,1060024,901020.4)
INSERT INTO productos(descripcion, id_tipo_producto, id_rubro, id_color, stock, stock_minimo, precio_venta, precio_mayo) values ('POLO',2,1,5,NULL,NULL,1249283,1061890.55)
INSERT INTO productos(descripcion, id_tipo_producto, id_rubro, id_color, stock, stock_minimo, precio_venta, precio_mayo) values ('VIRTUS',2,1,6,NULL,NULL,1798728,1528918.9)
INSERT INTO productos(descripcion, id_tipo_producto, id_rubro, id_color, stock, stock_minimo, precio_venta, precio_mayo) values ('GOLF',2,1,4,NULL,NULL,1529017,1299664.45)
INSERT INTO productos(descripcion, id_tipo_producto, id_rubro, id_color, stock, stock_minimo, precio_venta, precio_mayo) values ('VENTO',2,1,3,NULL,NULL,1642119,1395801.15)
INSERT INTO productos(descripcion, id_tipo_producto, id_rubro, id_color, stock, stock_minimo, precio_venta, precio_mayo) values ('TIGUAN AALLSPACE',2,1,2,NULL,NULL,1131874,962092.9)
INSERT INTO productos(descripcion, id_tipo_producto, id_rubro, id_color, stock, stock_minimo, precio_venta, precio_mayo) values ('TOURAGE',2,1,1,NULL,NULL,1592509,1353632.65)
INSERT INTO productos(descripcion, id_tipo_producto, id_rubro, id_color, stock, stock_minimo, precio_venta, precio_mayo) values ('SAVEIRO',2,1,6,NULL,NULL,1529526,1300097.1)
INSERT INTO productos(descripcion, id_tipo_producto, id_rubro, id_color, stock, stock_minimo, precio_venta, precio_mayo) values ('AMAROK',2,1,4,NULL,NULL,1167404,992293.4)
INSERT INTO productos(descripcion, id_tipo_producto, id_rubro, id_color, stock, stock_minimo, precio_venta, precio_mayo) values ('ACEITE DE MOTOR',1,2,NULL,25,35,208,156)
INSERT INTO productos(descripcion, id_tipo_producto, id_rubro, id_color, stock, stock_minimo, precio_venta, precio_mayo) values ('ACELERADOR',1,1,4,18,39,484,363)
INSERT INTO productos(descripcion, id_tipo_producto, id_rubro, id_color, stock, stock_minimo, precio_venta, precio_mayo) values ('ADMISIÓN VARIABLE',1,1,5,50,31,213,159.75)
INSERT INTO productos(descripcion, id_tipo_producto, id_rubro, id_color, stock, stock_minimo, precio_venta, precio_mayo) values ('ADORNO DE CAPÓ',1,2,5,46,25,375,281.25)
INSERT INTO productos(descripcion, id_tipo_producto, id_rubro, id_color, stock, stock_minimo, precio_venta, precio_mayo) values ('ALTERNADOR DEL MOTOR',1,2,4,32,33,183,137.25)
INSERT INTO productos(descripcion, id_tipo_producto, id_rubro, id_color, stock, stock_minimo, precio_venta, precio_mayo) values ('ALUSIL',1,1,4,28,18,117,87.75)
INSERT INTO productos(descripcion, id_tipo_producto, id_rubro, id_color, stock, stock_minimo, precio_venta, precio_mayo) values ('AMORTIGUADOR' ,1,1,4,33,26,470,352.5)
INSERT INTO productos(descripcion, id_tipo_producto, id_rubro, id_color, stock, stock_minimo, precio_venta, precio_mayo) values ('APOYOS DEL CIGÜEÑAL',1,1,4,35,36,192,144)
INSERT INTO productos(descripcion, id_tipo_producto, id_rubro, id_color, stock, stock_minimo, precio_venta, precio_mayo) values ('ÁRBOL DE LEVAS',1,1,4,39,35,158,118.5)
INSERT INTO productos(descripcion, id_tipo_producto, id_rubro, id_color, stock, stock_minimo, precio_venta, precio_mayo) values ('AUTOPC',1,1,5,43,13,410,307.5)
INSERT INTO productos(descripcion, id_tipo_producto, id_rubro, id_color, stock, stock_minimo, precio_venta, precio_mayo) values ('AVANCE DEL ENCENDIDO',1,2,5,39,25,354,265.5)
INSERT INTO productos(descripcion, id_tipo_producto, id_rubro, id_color, stock, stock_minimo, precio_venta, precio_mayo) values ('PALANCA DE CAMBIOS' ,1,1,5,46,17,293,219.75)
INSERT INTO productos(descripcion, id_tipo_producto, id_rubro, id_color, stock, stock_minimo, precio_venta, precio_mayo) values ('PANEL DE INSTRUMENTOS',1,1,4,38,18,354,265.5)
INSERT INTO productos(descripcion, id_tipo_producto, id_rubro, id_color, stock, stock_minimo, precio_venta, precio_mayo) values ('PARACHOQUES',1,2,4,18,17,339,254.25)
INSERT INTO productos(descripcion, id_tipo_producto, id_rubro, id_color, stock, stock_minimo, precio_venta, precio_mayo) values ('PILAR' ,1,2,5,42,33,476,357)
INSERT INTO productos(descripcion, id_tipo_producto, id_rubro, id_color, stock, stock_minimo, precio_venta, precio_mayo) values ('PLAZA' ,1,1,5,20,17,455,341.25)
INSERT INTO productos(descripcion, id_tipo_producto, id_rubro, id_color, stock, stock_minimo, precio_venta, precio_mayo) values ('POLEA DE CIGÜEÑAL',1,1,5,36,33,381,285.75)
INSERT INTO productos(descripcion, id_tipo_producto, id_rubro, id_color, stock, stock_minimo, precio_venta, precio_mayo) values ('POMO DEL CAMBIO',1,2,5,32,18,287,215.25)
INSERT INTO productos(descripcion, id_tipo_producto, id_rubro, id_color, stock, stock_minimo, precio_venta, precio_mayo) values ('PORTAEQUIPAJES' ,1,1,4,26,19,390,292.5)
INSERT INTO productos(descripcion, id_tipo_producto, id_rubro, id_color, stock, stock_minimo, precio_venta, precio_mayo) values ('PUERTAS DE ALA DE GAVIOTA',1,2,4,45,27,166,124.5)
INSERT INTO productos(descripcion, id_tipo_producto, id_rubro, id_color, stock, stock_minimo, precio_venta, precio_mayo) values ('PUERTAS DE ALA DE MARIPOSA',1,2,4,25,29,302,226.5)
INSERT INTO productos(descripcion, id_tipo_producto, id_rubro, id_color, stock, stock_minimo, precio_venta, precio_mayo) values ('PUERTAS DE SUICIDIO',1,1,4,14,19,212,159)
INSERT INTO productos(descripcion, id_tipo_producto, id_rubro, id_color, stock, stock_minimo, precio_venta, precio_mayo) values ('PUERTAS DE TIJERA',1,2,4,36,36,400,300)
INSERT INTO productos(descripcion, id_tipo_producto, id_rubro, id_color, stock, stock_minimo, precio_venta, precio_mayo) values ('LÁMPARA H1',1,1,4,16,30,484,363)
INSERT INTO productos(descripcion, id_tipo_producto, id_rubro, id_color, stock, stock_minimo, precio_venta, precio_mayo) values ('LIMPIAPARABRISAS',1,1,5,35,36,235,176.25)
INSERT INTO productos(descripcion, id_tipo_producto, id_rubro, id_color, stock, stock_minimo, precio_venta, precio_mayo) values ('LÍQUIDO DE FRENOS',1,2,NULL,29,28,230,172.5)
INSERT INTO productos(descripcion, id_tipo_producto, id_rubro, id_color, stock, stock_minimo, precio_venta, precio_mayo) values ('LLANTA',1,2,4,41,17,214,160.5)
INSERT INTO productos(descripcion, id_tipo_producto, id_rubro, id_color, stock, stock_minimo, precio_venta, precio_mayo) values ('LLANTA DE ALEACIÓN',1,1,5,31,38,399,299.25)
INSERT INTO productos(descripcion, id_tipo_producto, id_rubro, id_color, stock, stock_minimo, precio_venta, precio_mayo) values ('LLANTAS DE MAGNESIO',1,2,4,23,30,155,116.25)
INSERT INTO productos(descripcion, id_tipo_producto, id_rubro, id_color, stock, stock_minimo, precio_venta, precio_mayo) values ('LUZ INTERMITENTE',1,1,4,31,16,453,339.75)
INSERT INTO productos(descripcion, id_tipo_producto, id_rubro, id_color, stock, stock_minimo, precio_venta, precio_mayo) values ('MALETERO',1,2,5,39,34,261,195.75)
INSERT INTO productos(descripcion, id_tipo_producto, id_rubro, id_color, stock, stock_minimo, precio_venta, precio_mayo) values ('MANGUETA DE DIRECCIÓN',1,1,5,10,34,488,366)
INSERT INTO productos(descripcion, id_tipo_producto, id_rubro, id_color, stock, stock_minimo, precio_venta, precio_mayo) values ('MECANISMO DIFERENCIAL',1,2,5,43,29,180,135)
INSERT INTO productos(descripcion, id_tipo_producto, id_rubro, id_color, stock, stock_minimo, precio_venta, precio_mayo) values ('MECANISMOS DE GUIADO LATERAL',1,2,5,30,29,188,141)
INSERT INTO productos(descripcion, id_tipo_producto, id_rubro, id_color, stock, stock_minimo, precio_venta, precio_mayo) values ('MEZCLA POBRE',1,1,4,11,25,379,284.25)
INSERT INTO productos(descripcion, id_tipo_producto, id_rubro, id_color, stock, stock_minimo, precio_venta, precio_mayo) values ('MOTOR CON ÁRBOL DE LEVAS EN CABEZA',1,2,5,35,38,387,290.25)
INSERT INTO productos(descripcion, id_tipo_producto, id_rubro, id_color, stock, stock_minimo, precio_venta, precio_mayo) values ('MOTOR DE ARRANQUE',1,2,5,21,25,301,225.75)
INSERT INTO productos(descripcion, id_tipo_producto, id_rubro, id_color, stock, stock_minimo, precio_venta, precio_mayo) values ('MOTOR DE COMBUSTIÓN INTERNA',1,2,4,22,16,102,76.5)
INSERT INTO productos(descripcion, id_tipo_producto, id_rubro, id_color, stock, stock_minimo, precio_venta, precio_mayo) values ('MOTOR DE COMBUSTIÓN INTERNA ALTERNATIVO',1,1,4,37,13,414,310.5)
INSERT INTO productos(descripcion, id_tipo_producto, id_rubro, id_color, stock, stock_minimo, precio_venta, precio_mayo) values ('MOTOR DE DOS TIEMPOS',1,2,5,47,28,346,259.5)
INSERT INTO productos(descripcion, id_tipo_producto, id_rubro, id_color, stock, stock_minimo, precio_venta, precio_mayo) values ('MOTOR DIÉSEL',1,2,5,32,38,482,361.5)
INSERT INTO productos(descripcion, id_tipo_producto, id_rubro, id_color, stock, stock_minimo, precio_venta, precio_mayo) values ('MOTOR DOHC',1,2,4,31,18,349,261.75)
INSERT INTO productos(descripcion, id_tipo_producto, id_rubro, id_color, stock, stock_minimo, precio_venta, precio_mayo) values ('MOTOR OHV',1,2,5,37,13,274,205.5)
INSERT INTO productos(descripcion, id_tipo_producto, id_rubro, id_color, stock, stock_minimo, precio_venta, precio_mayo) values ('MOTOR SOHC',1,1,4,16,39,172,129)
INSERT INTO productos(descripcion, id_tipo_producto, id_rubro, id_color, stock, stock_minimo, precio_venta, precio_mayo) values ('MOTOR SV',1,1,5,31,39,376,282)
INSERT INTO productos(descripcion, id_tipo_producto, id_rubro, id_color, stock, stock_minimo, precio_venta, precio_mayo) values ('MULTIVÁLVULAS',1,1,5,37,32,209,156.75)
  
------------------------------- FACTURAS ------------------------------------------ YA CARGADO

--FORMAS DE PAGO
INSERT INTO FORMAS_PAGOS(descripcion) VALUES ('CONTADO / EFECTIVO')
INSERT INTO FORMAS_PAGOS(descripcion) VALUES ('TARJETA DE CREDITO')
INSERT INTO FORMAS_PAGOS(descripcion) VALUES ('TARJETA DE DÉBITO')
INSERT INTO FORMAS_PAGOS(descripcion) VALUES ('CHEQUE')
INSERT INTO FORMAS_PAGOS(descripcion) VALUES ('TRANSFERENCIA BANCARIA')

--TIPOS DE FACTURA
INSERT INTO TIPOS_FACTURAS(descripcion) VALUES ('FACTURA A')
INSERT INTO TIPOS_FACTURAS(descripcion) VALUES ('FACTURA B')
INSERT INTO TIPOS_FACTURAS(descripcion) VALUES ('FACTURA C')
INSERT INTO TIPOS_FACTURAS(descripcion) VALUES ('NOTA DE CREDITO A')
INSERT INTO TIPOS_FACTURAS(descripcion) VALUES ('NOTA DE CREDITO B')
INSERT INTO TIPOS_FACTURAS(descripcion) VALUES ('NOTA DE CREDITO C')
INSERT INTO TIPOS_FACTURAS(descripcion) VALUES ('NOTA DE DEBITO A')
INSERT INTO TIPOS_FACTURAS(descripcion) VALUES ('NOTA DE DEBITO B')
INSERT INTO TIPOS_FACTURAS(descripcion) VALUES ('NOTA DE DEBITO C')

--FACTURAS
INSERT INTO FACTURAS(fecha,id_cliente,id_vendedor,descuento_total,id_tipo_factura) VALUES ('01/12/2020',1,1,10,2)
INSERT INTO FACTURAS(fecha,id_cliente,id_vendedor,descuento_total,id_tipo_factura) VALUES ('01/14/2020',3,2,20,2)
INSERT INTO FACTURAS(fecha,id_cliente,id_vendedor,descuento_total,id_tipo_factura) VALUES ('01/28/2020',2,3,5,2)
INSERT INTO FACTURAS(fecha,id_cliente,id_vendedor,descuento_total,id_tipo_factura) VALUES ('02/07/2020',4,4,5,2)
INSERT INTO FACTURAS(fecha,id_cliente,id_vendedor,descuento_total,id_tipo_factura) VALUES ('02/18/2020',5,5,5,2)
INSERT INTO FACTURAS(fecha,id_cliente,id_vendedor,descuento_total,id_tipo_factura) VALUES ('02/27/2020',6,6,5,2)
INSERT INTO FACTURAS(fecha,id_cliente,id_vendedor,descuento_total,id_tipo_factura) VALUES ('03/08/2020',2,7,5,2)
INSERT INTO FACTURAS(fecha,id_cliente,id_vendedor,descuento_total,id_tipo_factura) VALUES ('03/12/2020',8,8,2,2)
INSERT INTO FACTURAS(fecha,id_cliente,id_vendedor,descuento_total,id_tipo_factura) VALUES ('03/19/2020',4,9,2,2)
INSERT INTO FACTURAS(fecha,id_cliente,id_vendedor,descuento_total,id_tipo_factura) VALUES ('03/27/2020',10,10,0,2)
INSERT INTO FACTURAS(fecha,id_cliente,id_vendedor,descuento_total,id_tipo_factura) VALUES ('04/11/2020',12,1,0,2)
INSERT INTO FACTURAS(fecha,id_cliente,id_vendedor,descuento_total,id_tipo_factura) VALUES ('04/18/2020',14,2,0,2)
INSERT INTO FACTURAS(fecha,id_cliente,id_vendedor,descuento_total,id_tipo_factura) VALUES ('04/19/2020',13,3,0,2)
INSERT INTO FACTURAS(fecha,id_cliente,id_vendedor,descuento_total,id_tipo_factura) VALUES ('04/24/2020',2,4,0,2)
INSERT INTO FACTURAS(fecha,id_cliente,id_vendedor,descuento_total,id_tipo_factura) VALUES ('05/01/2020',24,1,10,2)
INSERT INTO FACTURAS(fecha,id_cliente,id_vendedor,descuento_total,id_tipo_factura) VALUES ('05/12/2020',12,2,10,2)
INSERT INTO FACTURAS(fecha,id_cliente,id_vendedor,descuento_total,id_tipo_factura) VALUES ('05/19/2020',1,3,5,2)
INSERT INTO FACTURAS(fecha,id_cliente,id_vendedor,descuento_total,id_tipo_factura) VALUES ('05/24/2020',22,5,5,2)
INSERT INTO FACTURAS(fecha,id_cliente,id_vendedor,descuento_total,id_tipo_factura) VALUES ('06/12/2020',14,6,5,2)
INSERT INTO FACTURAS(fecha,id_cliente,id_vendedor,descuento_total,id_tipo_factura) VALUES ('06/18/2020',8,7,10,2)
INSERT INTO FACTURAS(fecha,id_cliente,id_vendedor,descuento_total,id_tipo_factura) VALUES ('06/21/2020',7,9,10,2)
INSERT INTO FACTURAS(fecha,id_cliente,id_vendedor,descuento_total,id_tipo_factura) VALUES ('06/28/2020',6,1,5,2)
INSERT INTO FACTURAS(fecha,id_cliente,id_vendedor,descuento_total,id_tipo_factura) VALUES ('09/01/2020',7,5,0,2)
INSERT INTO FACTURAS(fecha,id_cliente,id_vendedor,descuento_total,id_tipo_factura) VALUES ('09/14/2020',4,4,0,2)
INSERT INTO FACTURAS(fecha,id_cliente,id_vendedor,descuento_total,id_tipo_factura) VALUES ('09/20/2020',9,9,0,2)
INSERT INTO FACTURAS(fecha,id_cliente,id_vendedor,descuento_total,id_tipo_factura) VALUES ('09/28/2020',7,7,5,2)
INSERT INTO FACTURAS(fecha,id_cliente,id_vendedor,descuento_total,id_tipo_factura) VALUES ('10/01/2020',6,1,5,2)
INSERT INTO FACTURAS(fecha,id_cliente,id_vendedor,descuento_total,id_tipo_factura) VALUES ('10/08/2020',4,2,0,2)
INSERT INTO FACTURAS(fecha,id_cliente,id_vendedor,descuento_total,id_tipo_factura) VALUES ('10/10/2020',3,3,0,2)

--Detalles Facturas
insert into DETALLES_FACTURAS(id_factura,precio,cantidad,id_producto,descuento_producto)values(1,381,10,40,10)
insert into DETALLES_FACTURAS(id_factura,precio,cantidad,id_producto,descuento_producto)values(2,261,10,54,5)
insert into DETALLES_FACTURAS(id_factura,precio,cantidad,id_producto,descuento_producto)values(3,180,2,56,3)
insert into DETALLES_FACTURAS(id_factura,precio,cantidad,id_producto,descuento_producto)values(4,301,1,60,15)
insert into DETALLES_FACTURAS(id_factura,precio,cantidad,id_producto,descuento_producto)values(4,1047621,1,4,5) --automovil
insert into DETALLES_FACTURAS(id_factura,precio,cantidad,id_producto,descuento_producto)values(5,208,1,24,0)
insert into DETALLES_FACTURAS(id_factura,precio,cantidad,id_producto,descuento_producto)values(5,302,1,44,0)
insert into DETALLES_FACTURAS(id_factura,precio,cantidad,id_producto,descuento_producto)values(5,212,1,45,14)
insert into DETALLES_FACTURAS(id_factura,precio,cantidad,id_producto,descuento_producto)values(6,261,2,54,10)
insert into DETALLES_FACTURAS(id_factura,precio,cantidad,id_producto,descuento_producto)values(6,1755088,1,3,5)--automovil
insert into DETALLES_FACTURAS(id_factura,precio,cantidad,id_producto,descuento_producto)values(6,482,1,64,10)
insert into DETALLES_FACTURAS(id_factura,precio,cantidad,id_producto,descuento_producto)values(6,102,1,61,0)
insert into DETALLES_FACTURAS(id_factura,precio,cantidad,id_producto,descuento_producto)values(7,375,2,27,10)
insert into DETALLES_FACTURAS(id_factura,precio,cantidad,id_producto,descuento_producto)values(7,117,3,29,12)
insert into DETALLES_FACTURAS(id_factura,precio,cantidad,id_producto,descuento_producto)values(8,375,2,27,4)
insert into DETALLES_FACTURAS(id_factura,precio,cantidad,id_producto,descuento_producto)values(8,117,3,29,0)
insert into DETALLES_FACTURAS(id_factura,precio,cantidad,id_producto,descuento_producto)values(9,488,1,55,0)
insert into DETALLES_FACTURAS(id_factura,precio,cantidad,id_producto,descuento_producto)values(10,301,3,60,0)
insert into DETALLES_FACTURAS(id_factura,precio,cantidad,id_producto,descuento_producto)values(10,1249283,1,16,0)--automovil
insert into DETALLES_FACTURAS(id_factura,precio,cantidad,id_producto,descuento_producto)values(11,117,3,29,0)
insert into DETALLES_FACTURAS(id_factura,precio,cantidad,id_producto,descuento_producto)values(12,102,2,61,10)
insert into DETALLES_FACTURAS(id_factura,precio,cantidad,id_producto,descuento_producto)values(12,209,2,69,0)
insert into DETALLES_FACTURAS(id_factura,precio,cantidad,id_producto,descuento_producto)values(13,975586,1,10,5)--automovil
insert into DETALLES_FACTURAS(id_factura,precio,cantidad,id_producto,descuento_producto)values(14,192,1,31,3)
insert into DETALLES_FACTURAS(id_factura,precio,cantidad,id_producto,descuento_producto)values(15,117,1,29,0)
insert into DETALLES_FACTURAS(id_factura,precio,cantidad,id_producto,descuento_producto)values(16,484,2,25,0)
insert into DETALLES_FACTURAS(id_factura,precio,cantidad,id_producto,descuento_producto)values(17,158,1,32,10)
insert into DETALLES_FACTURAS(id_factura,precio,cantidad,id_producto,descuento_producto)values(18,484,2,25,0)
insert into DETALLES_FACTURAS(id_factura,precio,cantidad,id_producto,descuento_producto)values(19,193,1,28,0)
insert into DETALLES_FACTURAS(id_factura,precio,cantidad,id_producto,descuento_producto)values(20,192,4,31,0)
insert into DETALLES_FACTURAS(id_factura,precio,cantidad,id_producto,descuento_producto)values(21,354,1,36,0)
insert into DETALLES_FACTURAS(id_factura,precio,cantidad,id_producto,descuento_producto)values(22,339,2,37,0)
insert into DETALLES_FACTURAS(id_factura,precio,cantidad,id_producto,descuento_producto)values(23,390,1,42,0)
insert into DETALLES_FACTURAS(id_factura,precio,cantidad,id_producto,descuento_producto)values(24,117,5,29,0)
insert into DETALLES_FACTURAS(id_factura,precio,cantidad,id_producto,descuento_producto)values(24,488,3,55,0)
insert into DETALLES_FACTURAS(id_factura,precio,cantidad,id_producto,descuento_producto)values(25,1239261,1,8,0)--automovil

--Ordenes de pedido de autos ya entregados
INSERT INTO ORDEN_PEDIDO(fecha_pedido,fecha_entrega,id_cliente,estado) VALUES ('06/09/2019','02/07/2020',4,1)
INSERT INTO ORDEN_PEDIDO(fecha_pedido,fecha_entrega,id_cliente,estado) VALUES ('06/08/2019','02/27/2020',6,1)
INSERT INTO ORDEN_PEDIDO(fecha_pedido,fecha_entrega,id_cliente,estado) VALUES ('07/24/2019','03/27/2020',10,1)
INSERT INTO ORDEN_PEDIDO(fecha_pedido,fecha_entrega,id_cliente,estado) VALUES ('01/14/2020','04/19/2020',13,1)
INSERT INTO ORDEN_PEDIDO(fecha_pedido,fecha_entrega,id_cliente,estado) VALUES ('04/16/2020','09/20/2020',9,1)
--Detalle de pedido
insert into DETALLE_PEDIDO(id_pedido,id_producto,cantidad)values(1,4,1)
insert into DETALLE_PEDIDO(id_pedido,id_producto,cantidad)values(2,3,1)
insert into DETALLE_PEDIDO(id_pedido,id_producto,cantidad)values(3,16,1)
insert into DETALLE_PEDIDO(id_pedido,id_producto,cantidad)values(4,10,1)
insert into DETALLE_PEDIDO(id_pedido,id_producto,cantidad)values(5,8,1)


--MODIFICACIONES A LA ESTRUCTURA ORIGINAL--

--ALTER TABLE BARRIOS
--ALTER COLUMN BARRIO VARCHAR (40); --CAMBIO EL LARGO DE LA CELDA

--ALTER TABLE CLIENTES
--ALTER COLUMN DOC bigint NOT NULL; -- CAMBIO DE INT A BIGINT PARA ACEPTAR CUIT Y CUIL

--alter table colores
--alter column descripcion varchar (30) not null ; --CAMBIO DE INT A VARACHAR


--alter table localidades
--DROP CONsTRAINT localidades_pk; --ELIMINA LA CONSTRAINT PARA BORRAR LA COLUMNA
--ALTER TABLE LOCALIDADES
--DROP COLUMN id_localidad;  --BORRA LA COLUMNA
--ALTER TABLE LOCALIDADES
--ADD id_localidad int not null identity (1,1) --SE LA VUELVE A CREAR CON EL IDENTITY (1,1)
--alter table localidades
--add constraint localidades_pk primary key (id_localidad); --SE LA CONVIERTE EN CONSTRAINT
--alter table localidades
--alter column localidad varchar(40); --SE CAMBIA LA LONGITUD DE LA CELDA

--ALTER TABLE PRODUCTOS
--DROP COLUMN ID_MARCA; --ELIMINA CELDA INNECESARIA

--ALTER TABLE PRODUCTOS
--ALTER COLUMN STOCK INT NULL; --SE CONVIERTE ESTA COLUMNA EN NULL PARA LOS AUTOMOVILES
--ALTER TABLE PRODUCTOS
--ALTER COLUMN STOCK_MINIMO INT NULL;--SE CONVIERTE ESTA COLUMNA EN NULL PARA LOS AUTOMOVILES

--ALTER TABLE TIPOS_CLIENTES
--ALTER COLUMN DESCRIPCION VARCHAR (30) NOT NULL; --SE CAMBIA DE INT A VARCHAR

--ALTER TABLE VENDEDORES
--ALTER COLUMN CALLE VARCHAR (40); -- SE EXTIENE LA LONGITUD DEL CAMPO


